City_ID,City,Country,Date,Lat,Lng,Max Temp,Humidity,Cloudiness,Wind Speed
0,Jamestown,US,2022-10-11 23:20:56,42.097,-79.2353,62.24,46,0,6.91
1,Manicore,BR,2022-10-11 23:23:27,-5.8092,-61.3003,83.98,52,90,1.79
2,Batamshinskiy,KZ,2022-10-11 23:23:28,50.5594,58.2747,48.63,34,100,7.76
3,Bisceglie,IT,2022-10-11 23:23:29,41.242,16.5044,61.79,93,49,3.15
4,Sioux Lookout,CA,2022-10-11 23:23:29,50.1001,-91.917,68.07,52,75,5.75
5,Hofn,IS,2022-10-11 23:23:31,64.2539,-15.2082,45.34,99,100,7.34
6,Busselton,AU,2022-10-11 23:23:31,-33.65,115.3333,52.83,64,98,9.93
7,Qaqortoq,GL,2022-10-11 23:23:31,60.7167,-46.0333,31.1,77,97,5.41
8,Vaini,TO,2022-10-11 23:23:32,-21.2,-175.2,78.96,78,40,13.8
9,Lake City,US,2022-10-11 23:23:15,30.1897,-82.6393,78.85,78,75,6.91
10,Norman Wells,CA,2022-10-11 23:23:33,65.282,-126.8329,32.04,80,75,12.66
11,Erzin,TR,2022-10-11 23:23:34,36.9559,36.2,68.94,54,2,3.04
12,Kununurra,AU,2022-10-11 23:23:35,-15.7667,128.7333,85.98,70,23,5.75
13,Biak,ID,2022-10-11 23:23:35,-0.9131,122.8766,76.44,80,100,3.8
14,Carutapera,BR,2022-10-11 23:23:36,-1.195,-46.02,78.1,84,67,6.4
15,Mitsamiouli,KM,2022-10-11 23:23:37,-11.3847,43.2844,74.64,77,0,7.29
16,Dingle,PH,2022-10-11 23:23:37,10.9995,122.6711,78.08,85,100,2.37
17,Ostrovnoy,RU,2022-10-11 23:23:38,68.0531,39.5131,42.21,90,84,20.33
18,Ust-Nera,RU,2022-10-11 23:23:38,64.5667,143.2,8.49,92,53,1.95
19,Olafsvik,IS,2022-10-11 23:23:39,64.8945,-23.7142,45.07,64,83,19.44
20,Ushuaia,AR,2022-10-11 23:21:40,-54.8,-68.3,38.86,87,40,5.75
21,Hilo,US,2022-10-11 23:22:12,19.7297,-155.09,90.28,72,20,10.36
22,Kaitangata,NZ,2022-10-11 23:23:40,-46.2817,169.8464,53.31,44,36,3.18
23,Mangai,CD,2022-10-11 23:23:40,-4.05,19.5333,68.04,99,75,1.32
24,Bredasdorp,ZA,2022-10-11 23:23:41,-34.5322,20.0403,58.12,97,100,2.26
25,Pangnirtung,CA,2022-10-11 23:23:42,66.1451,-65.7125,20.68,72,23,1.1
26,Teya,RU,2022-10-11 23:23:42,60.3778,92.6267,35.6,89,100,7.83
27,Sao Bras De Alportel,PT,2022-10-11 23:23:42,37.1531,-7.8875,65.28,94,0,4.61
28,Aquiraz,BR,2022-10-11 23:23:43,-3.9014,-38.3911,80.69,76,60,14.2
29,Yermakovskoye,RU,2022-10-11 23:23:43,53.2831,92.4003,42.75,66,96,5.59
30,Chuy,UY,2022-10-11 23:23:44,-33.6971,-53.4616,56.28,96,100,12.91
31,Karachi,PK,2022-10-11 23:22:06,24.9056,67.0822,67.82,88,0,3.44
32,Chokurdakh,RU,2022-10-11 23:23:45,70.6333,147.9167,11.48,83,84,9.4
33,Duvan,RU,2022-10-11 23:23:45,55.695,57.9024,48.11,70,100,2.8
34,Hasaki,JP,2022-10-11 23:23:46,35.7333,140.8333,70.21,63,100,18.14
35,Komsomolskiy,UZ,2022-10-11 23:23:46,40.4272,71.7189,54.32,43,0,9.22
36,Wodonga,AU,2022-10-11 23:23:47,-36.1167,146.8833,63.1,85,100,4.68
37,Broome,US,2022-10-11 23:23:48,42.2506,-75.833,60.67,82,9,5.64
38,Port Elizabeth,ZA,2022-10-11 23:23:48,-33.918,25.5701,66.49,85,20,9.22
39,Laguna,US,2022-10-11 23:20:49,38.421,-121.4238,92.08,26,0,10.36
40,Bluff,NZ,2022-10-11 23:23:43,-46.6,168.3333,49.89,51,93,2.64
41,Poum,NC,2022-10-11 23:23:49,-20.2333,164.0167,77.31,70,100,8.77
42,Torbay,CA,2022-10-11 23:23:50,47.6666,-52.7314,48.97,74,75,16.11
43,Punta Arenas,CL,2022-10-11 23:23:50,-53.15,-70.9167,39.31,87,40,14.97
44,Ballina,AU,2022-10-11 23:23:51,-28.8667,153.5667,68.04,85,87,14.43
45,Verkh-Usugli,RU,2022-10-11 23:23:51,52.7,115.1667,30.58,87,43,4.61
46,Luderitz,NA,2022-10-11 23:23:52,-26.6481,15.1594,67.59,56,3,8.5
47,Assiniboia,CA,2022-10-11 23:21:51,49.6334,-105.9845,53.42,26,6,23.02
48,Barra Dos Coqueiros,BR,2022-10-11 23:24:53,-10.9089,-37.0386,75.22,88,75,5.75
49,Rikitea,PF,2022-10-11 23:24:54,-23.1203,-134.9692,70.59,78,91,11.1
50,Albany,US,2022-10-11 23:24:55,42.6001,-73.9662,57.61,79,2,4.12
51,Vanimo,PG,2022-10-11 23:24:56,-2.6741,141.3028,79.43,87,100,3.49
52,New Norfolk,AU,2022-10-11 23:24:56,-42.7826,147.0587,62.92,60,100,3.0
53,Bethel,US,2022-10-11 23:21:49,41.3712,-73.414,61.48,76,0,0.0
54,Adrar,MR,2022-10-11 23:24:57,20.5022,-10.0711,91.06,19,71,6.76
55,Cape Town,ZA,2022-10-11 23:22:20,-33.9258,18.4232,63.91,83,40,11.5
56,Pevek,RU,2022-10-11 23:24:58,69.7008,170.3133,25.05,88,100,21.21
57,Mataura,NZ,2022-10-11 23:24:58,-46.1927,168.8643,54.61,43,65,2.44
58,Faya,SA,2022-10-11 23:24:59,18.3851,42.4509,59.52,32,0,4.72
59,Prince Rupert,CA,2022-10-11 23:21:13,54.3161,-130.3201,51.89,93,100,13.8
60,Hovd,MN,2022-10-11 23:25:00,48.0056,91.6419,34.18,46,10,4.41
61,Barrow,US,2022-10-11 23:20:27,71.2906,-156.7887,30.22,86,75,26.46
62,Aksarayskiy,RU,2022-10-11 23:25:00,46.7924,48.0119,56.86,62,67,20.76
63,Nalut,LY,2022-10-11 23:25:01,30.3333,10.85,76.87,25,54,9.37
64,Mar Del Plata,AR,2022-10-11 23:25:02,-38.0023,-57.5575,57.94,74,0,8.05
65,Kudahuvadhoo,MV,2022-10-11 23:25:02,2.6708,72.8944,81.77,76,99,19.3
66,Qaanaaq,GL,2022-10-11 23:25:03,77.484,-69.3632,4.96,62,49,7.09
67,Naze,JP,2022-10-11 23:25:03,28.3667,129.4833,74.32,64,89,15.23
68,Dayong,CN,2022-10-11 23:25:04,25.0209,118.2898,61.36,59,67,5.99
69,Arraial Do Cabo,BR,2022-10-11 23:25:05,-22.9661,-42.0278,71.94,84,46,28.52
70,Cabo San Lucas,MX,2022-10-11 23:25:05,22.8909,-109.9124,91.71,55,0,5.01
71,Narsaq,GL,2022-10-11 23:25:06,60.9167,-46.05,32.22,82,100,6.91
72,Kodiak,US,2022-10-11 23:25:06,57.79,-152.4072,45.91,46,75,9.22
73,Mezen,RU,2022-10-11 23:25:07,65.8522,44.24,41.0,92,49,10.09
74,Nome,US,2022-10-11 23:25:07,64.5011,-165.4064,33.87,80,100,5.75
75,Coquimbo,CL,2022-10-11 23:25:08,-29.9533,-71.3436,56.93,76,20,8.05
76,Faanui,PF,2022-10-11 23:25:08,-16.4833,-151.75,78.06,77,48,17.98
77,Ketchikan,US,2022-10-11 23:25:09,55.3422,-131.6461,57.67,82,75,10.36
78,Dikson,RU,2022-10-11 23:25:09,73.5069,80.5464,32.14,98,100,6.96
79,Castro,BR,2022-10-11 23:25:10,-24.7911,-50.0119,61.63,94,87,3.36
80,Beringovskiy,RU,2022-10-11 23:25:11,63.05,179.3167,33.58,65,93,8.37
81,Lazaro Cardenas,MX,2022-10-11 23:22:18,17.9583,-102.2,84.83,79,100,8.39
82,Emba,KZ,2022-10-11 23:25:12,48.8264,58.1442,53.49,27,100,7.54
83,Ribeira Grande,PT,2022-10-11 23:25:12,38.5167,-28.7,68.77,90,43,0.09
84,Butaritari,KI,2022-10-11 23:25:12,3.0707,172.7902,81.95,79,52,19.86
85,Carnarvon,AU,2022-10-11 23:25:13,-24.8667,113.6333,61.34,56,42,25.05
86,Kavieng,PG,2022-10-11 23:25:14,-2.5744,150.7967,83.88,67,47,5.86
87,Provideniya,RU,2022-10-11 23:25:14,64.3833,-173.3,33.37,74,100,8.99
88,Andilamena,MG,2022-10-11 23:25:15,-17.0167,48.5833,59.0,81,54,10.94
89,Port Alfred,ZA,2022-10-11 23:25:15,-33.5906,26.891,67.17,86,96,3.0
90,Union,US,2022-10-11 23:25:16,40.6334,-74.2663,67.21,60,0,8.05
91,Hervey Bay,AU,2022-10-11 23:25:17,-25.2986,152.8535,69.03,76,49,8.99
92,Hobyo,SO,2022-10-11 23:25:17,5.3505,48.5268,77.04,86,69,21.18
93,Saldanha,ZA,2022-10-11 23:26:18,-33.0117,17.9442,60.85,93,100,15.95
94,Kapaa,US,2022-10-11 23:26:18,22.0752,-159.319,82.72,78,20,9.22
95,Cairns,AU,2022-10-11 23:25:16,-16.9167,145.7667,86.07,89,75,12.66
96,Ocos,GT,2022-10-11 23:26:19,14.5094,-92.1933,78.98,93,100,17.25
97,Pisco,PE,2022-10-11 23:26:20,-13.7,-76.2167,62.65,72,0,18.41
98,Monrovia,LR,2022-10-11 23:22:04,6.3005,-10.7969,76.46,89,100,8.75
99,Severo-Kurilsk,RU,2022-10-11 23:23:59,50.6789,156.125,50.9,85,77,18.5
100,Waingapu,ID,2022-10-11 23:26:21,-9.6567,120.2641,80.64,73,100,0.76
101,Vaasa,FI,2022-10-11 23:26:22,63.096,21.6158,46.94,76,0,11.5
102,Constitucion,CL,2022-10-11 23:26:22,-35.3333,-72.4167,52.66,81,51,15.17
103,Khatanga,RU,2022-10-11 23:26:23,71.9667,102.5,26.55,95,100,3.74
104,Catamarca,AR,2022-10-11 23:26:23,-28.4696,-65.7852,71.06,28,0,10.54
105,Letka,RU,2022-10-11 23:26:24,59.6011,49.4232,36.73,92,4,2.93
106,Svetlyy,RU,2022-10-11 23:26:25,54.675,20.1347,49.96,78,30,11.52
107,Atuona,PF,2022-10-11 23:26:25,-9.8,-139.0333,77.36,73,31,15.26
108,Aden,YE,2022-10-11 23:26:26,12.7794,45.0367,84.07,67,37,10.67
109,Menongue,AO,2022-10-11 23:26:26,-14.6585,17.691,69.4,20,33,8.7
110,Santa Fe,AR,2022-10-11 23:26:27,-31.6333,-60.7,65.01,66,0,1.39
111,Airai,TL,2022-10-11 23:26:28,-8.9266,125.4092,66.22,73,100,1.05
112,Manokwari,ID,2022-10-11 23:26:28,-0.8667,134.0833,81.57,73,100,6.51
113,Georgetown,MY,2022-10-11 23:26:18,5.4112,100.3354,81.23,88,40,3.44
114,Longyan,CN,2022-10-11 23:26:29,25.1072,117.0225,54.9,63,7,4.0
115,Bengkulu,ID,2022-10-11 23:26:30,-3.8004,102.2655,73.87,86,97,2.71
116,Lerwick,GB,2022-10-11 23:26:31,60.1545,-1.1494,53.6,93,100,24.43
117,Sambava,MG,2022-10-11 23:26:31,-14.2667,50.1667,66.51,86,11,9.15
118,Hailar,CN,2022-10-11 23:26:32,49.2,119.7,35.31,43,87,6.87
119,Puerto Ayora,EC,2022-10-11 23:26:32,-0.7393,-90.3518,67.55,86,98,7.0
120,Iqaluit,CA,2022-10-11 23:26:33,63.7506,-68.5145,24.53,86,100,4.61
121,Buala,SB,2022-10-11 23:26:34,-8.145,159.5921,85.48,61,5,3.6
122,Hobart,AU,2022-10-11 23:26:01,-42.8794,147.3294,63.27,71,100,8.05
123,Marawi,PH,2022-10-11 23:26:35,7.9986,124.2928,72.19,89,80,2.15
124,Ravar,IR,2022-10-11 23:26:36,31.2656,56.8055,67.77,17,0,4.12
125,Sitka,US,2022-10-11 23:26:36,57.0531,-135.33,51.69,87,100,5.75
126,Saskylakh,RU,2022-10-11 23:26:37,71.9167,114.0833,26.56,97,99,6.38
127,Mazyr,BY,2022-10-11 23:26:37,52.0495,29.2456,44.19,90,56,6.31
128,Upernavik,GL,2022-10-11 23:26:38,72.7868,-56.1549,18.68,76,98,3.74
129,Agirish,RU,2022-10-11 23:26:39,61.9247,63.0231,36.16,97,50,3.22
130,Guerrero Negro,MX,2022-10-11 23:26:39,27.9769,-114.0611,73.51,69,19,15.64
131,Hermanus,ZA,2022-10-11 23:26:40,-34.4187,19.2345,62.8,95,97,4.45
132,Tazovskiy,RU,2022-10-11 23:26:40,67.4667,78.7,37.56,91,100,13.44
133,Tasiilaq,GL,2022-10-11 23:26:41,65.6145,-37.6368,32.16,98,100,3.31
134,Kahului,US,2022-10-11 23:26:41,20.8947,-156.47,89.62,67,40,14.97
135,Martorell,ES,2022-10-11 23:27:42,41.474,1.9306,67.14,81,20,2.3
136,Nikolskoye,RU,2022-10-11 23:27:42,59.7035,30.7861,44.49,95,86,7.56
137,Souillac,MU,2022-10-11 23:27:42,-20.5167,57.5167,70.18,78,40,6.91
138,Fare,PF,2022-10-11 23:23:13,-16.7,-151.0167,77.65,77,35,18.34
139,Russell,US,2022-10-11 23:27:43,32.3502,-85.1999,78.4,68,0,0.0
140,Clyde River,CA,2022-10-11 23:27:44,70.4692,-68.5914,21.43,79,100,10.36
141,Tres Barras,BR,2022-10-11 23:27:44,-26.1064,-50.3222,62.35,99,98,2.84
142,Araouane,ML,2022-10-11 23:27:45,18.9048,-3.5265,90.99,14,80,2.86
143,Quchan,IR,2022-10-11 23:27:46,37.106,58.5095,54.86,72,4,3.89
144,Patrasaer,IN,2022-10-11 23:27:46,23.2167,87.5167,75.51,92,100,4.61
145,Sao Filipe,CV,2022-10-11 23:27:47,14.8961,-24.4956,79.92,77,60,7.23
146,Sechura,PE,2022-10-11 23:27:47,-5.5569,-80.8222,69.71,66,16,17.69
147,Coruripe,BR,2022-10-11 23:27:48,-10.1256,-36.1756,74.98,82,4,11.23
148,Kibaya,TZ,2022-10-11 23:27:14,-5.3,36.5667,54.48,76,3,5.59
149,Muswellbrook,AU,2022-10-11 23:27:48,-32.2667,150.9,66.24,72,42,2.62
150,Acarau,BR,2022-10-11 23:27:49,-2.8856,-40.12,79.56,78,77,18.66
151,Namatanai,PG,2022-10-11 23:27:49,-3.6667,152.4333,85.19,62,91,3.22
152,Karratha,AU,2022-10-11 23:27:50,-20.7377,116.8463,73.71,33,0,17.74
153,Okha,RU,2022-10-11 23:27:51,53.5739,142.9478,41.09,95,100,18.14
154,Mlonggo,ID,2022-10-11 23:27:51,-6.5333,110.7,78.51,82,100,6.55
155,Samarai,PG,2022-10-11 23:27:52,-10.6167,150.6667,82.62,73,26,9.17
156,Nara,JP,2022-10-11 23:27:26,34.6851,135.8049,60.49,63,96,1.86
157,Ardmore,US,2022-10-11 23:27:53,34.1743,-97.1436,74.71,64,40,13.8
158,Malanje,AO,2022-10-11 23:27:53,-9.5402,16.341,66.81,73,35,3.8
159,Sivas,TR,2022-10-11 23:27:53,39.7916,37.0019,45.23,65,0,1.14
160,Dalvik,IS,2022-10-11 23:27:54,65.9702,-18.5286,42.73,93,100,8.57
161,Asyut,EG,2022-10-11 23:27:55,27.181,31.1837,69.98,48,0,9.22
162,Verkhniy Rohachyk,UA,2022-10-11 23:27:55,47.2505,34.338,47.97,55,0,7.05
163,Rio Grande,BR,2022-10-11 23:27:55,-32.035,-52.0986,64.51,95,100,11.88
164,Saint George,US,2022-10-11 23:27:56,37.1041,-113.5841,86.95,17,0,12.66
165,Mishan,CN,2022-10-11 23:27:57,45.55,131.8833,42.6,63,0,3.36
166,Makakilo City,US,2022-10-11 23:27:57,21.3469,-158.0858,83.98,72,20,10.36
167,Neryungri,RU,2022-10-11 23:27:58,56.6709,124.6491,21.92,94,100,4.18
168,Cherskiy,RU,2022-10-11 23:27:58,68.75,161.3,11.64,92,99,9.37
169,Omboue,GA,2022-10-11 23:27:59,-1.5746,9.2618,76.55,90,99,5.95
170,Alekseyevsk,RU,2022-10-11 23:27:59,57.8406,108.3492,37.53,97,100,11.36
171,Mpika,ZM,2022-10-11 23:28:00,-11.8343,31.4529,63.77,42,20,9.71
172,Aklavik,CA,2022-10-11 23:28:00,68.2191,-135.0107,29.91,78,66,7.4
173,Thompson,CA,2022-10-11 23:28:01,55.7435,-97.8558,53.76,76,100,6.91
174,Ludwigslust,DE,2022-10-11 23:28:01,53.3167,11.5,51.82,82,94,4.29
175,Ndende,GA,2022-10-11 23:28:02,-2.4008,11.3581,73.36,97,99,2.59
176,Codrington,AU,2022-10-11 23:28:02,-38.2667,141.9667,62.98,68,100,11.23
177,Shingu,JP,2022-10-11 23:28:03,33.7333,135.9833,64.17,65,98,5.01
178,Ancud,CL,2022-10-11 23:28:03,-41.8697,-73.8203,49.64,94,97,10.45
179,Zhigansk,RU,2022-10-11 23:28:04,66.7697,123.3711,22.08,94,100,15.99
180,Avarua,CK,2022-10-11 23:28:04,-21.2078,-159.775,80.65,74,75,21.85
181,Arlit,NE,2022-10-11 23:29:05,18.7369,7.3853,87.06,14,2,10.38
182,Winnemucca,US,2022-10-11 23:26:08,40.973,-117.7357,77.05,15,0,0.0
183,Myitkyina,MM,2022-10-11 23:29:06,25.3833,97.4,71.19,100,95,0.6
184,Jiwani,PK,2022-10-11 23:29:06,25.05,61.7417,79.52,62,0,3.29
185,Anadyr,RU,2022-10-11 23:29:07,64.75,177.4833,23.5,73,20,11.18
186,Belaya Gora,RU,2022-10-11 23:29:07,68.5333,146.4167,17.26,70,20,5.61
187,Svencionys,LT,2022-10-11 23:29:08,55.15,26.1667,40.08,97,5,6.06
188,Kaspiysk,RU,2022-10-11 23:29:08,42.8816,47.6392,59.23,58,75,4.47
189,Muros,ES,2022-10-11 23:29:09,42.7762,-9.0603,61.84,87,38,7.94
190,Khasan,RU,2022-10-11 23:29:09,42.4308,130.6434,47.84,64,0,5.93
191,Hamilton,US,2022-10-11 23:24:12,39.1834,-84.5333,69.01,48,0,5.75
192,Lata,PT,2022-10-11 23:29:10,40.1629,-8.3327,60.93,93,0,1.32
193,Matam,SN,2022-10-11 23:29:11,15.6175,-13.3303,86.0,74,0,0.0
194,Locri,IT,2022-10-11 23:29:11,38.2414,16.2623,63.32,80,16,4.68
195,Margate,GB,2022-10-11 23:29:12,51.3813,1.3862,53.8,69,57,5.32
196,Atambua,ID,2022-10-11 23:29:12,-9.1061,124.8925,78.4,71,100,1.74
197,Filingue,NE,2022-10-11 23:29:13,14.3521,3.3168,90.66,28,4,2.8
198,Bambous Virieux,MU,2022-10-11 23:29:13,-20.3428,57.7575,70.05,78,40,6.91
199,Tuktoyaktuk,CA,2022-10-11 23:29:14,69.4541,-133.0374,32.0,93,100,17.27
200,San Cristobal,VE,2022-10-11 23:29:14,7.7669,-72.225,77.18,81,14,3.49
201,Uribia,CO,2022-10-11 23:29:15,11.7139,-72.266,84.76,67,20,18.37
202,Buchanan,LR,2022-10-11 23:29:15,5.8808,-10.0467,74.7,95,97,7.72
203,Victoria,HK,2022-10-11 23:25:04,22.2855,114.1577,75.25,46,8,13.0
204,Taltal,CL,2022-10-11 23:29:16,-25.4,-70.4833,59.47,73,22,6.33
205,Ibra,OM,2022-10-11 23:29:16,22.6906,58.5334,72.01,27,5,3.02
206,Saint-Philippe,RE,2022-10-11 23:29:17,-21.3585,55.7679,65.79,74,45,10.07
207,Manchester,GB,2022-10-11 23:27:50,53.4809,-2.2374,49.64,78,86,3.44
208,Mnogovershinnyy,RU,2022-10-11 23:29:18,53.9353,139.9242,33.67,89,100,12.1
209,Qui Nhon,VN,2022-10-11 23:29:18,13.7667,109.2333,76.05,87,93,13.4
210,Hithadhoo,MV,2022-10-11 23:29:19,-0.6,73.0833,81.14,78,100,17.05
211,Asilah,MA,2022-10-11 23:24:43,35.465,-6.0348,67.96,85,1,6.96
212,Noumea,NC,2022-10-11 23:29:20,-22.2763,166.4572,81.0,99,85,7.29
213,Sukumo,JP,2022-10-11 23:29:21,32.9333,132.7333,62.26,70,100,2.42
214,Huarmey,PE,2022-10-11 23:29:21,-10.0681,-78.1522,64.04,80,31,12.33
215,Demyansk,RU,2022-10-11 23:29:22,57.643,32.466,45.36,90,100,5.37
216,Marsa Matruh,EG,2022-10-11 23:29:22,31.3525,27.2453,71.8,68,40,3.44
217,Esso,RU,2022-10-11 23:29:23,55.9333,158.7,34.81,97,100,5.61
218,Fairbanks,US,2022-10-11 23:29:23,64.8378,-147.7164,32.09,78,75,9.22
219,Santa Marta,CO,2022-10-11 23:26:07,11.2408,-74.199,84.88,73,72,10.0
220,Oranjemund,NA,2022-10-11 23:29:25,-28.55,16.4333,58.35,97,100,7.14
221,Kargasok,RU,2022-10-11 23:29:25,59.0556,80.8572,37.47,92,100,8.99
222,Mogadishu,SO,2022-10-11 23:29:26,2.0371,45.3438,76.89,83,14,17.02
223,Awjilah,LY,2022-10-11 23:29:26,29.1081,21.2869,74.44,36,100,5.3
224,Taraza,CO,2022-10-11 23:29:27,7.5836,-75.4007,78.15,95,72,2.46
225,Piacabucu,BR,2022-10-11 23:29:27,-10.4056,-36.4344,75.27,83,6,11.48
226,Kiunga,PG,2022-10-11 23:29:28,-6.1219,141.2906,80.01,83,64,1.52
227,Cidreira,BR,2022-10-11 23:29:28,-30.1811,-50.2056,64.24,97,100,3.78
228,Shimoda,JP,2022-10-11 23:30:29,34.6667,138.95,68.36,68,100,18.41
229,Puntarenas,CR,2022-10-11 23:28:56,9.9763,-84.8384,79.25,87,39,4.88
230,Asosa,ET,2022-10-11 23:30:30,10.0667,34.5333,58.14,90,11,4.63
231,Fukue,JP,2022-10-11 23:30:31,32.6881,128.8419,64.76,68,20,12.66
232,Bandarbeyla,SO,2022-10-11 23:30:31,9.4942,50.8122,76.35,87,29,14.32
233,Puerto Princesa,PH,2022-10-11 23:30:32,9.7392,118.7353,78.78,89,20,6.91
234,Mucurapo,TT,2022-10-11 23:30:32,10.6667,-61.5333,77.25,93,100,8.41
235,Pimentel,PE,2022-10-11 23:30:33,-6.8367,-79.9342,62.89,77,40,23.02
236,Bathsheba,BB,2022-10-11 23:30:33,13.2167,-59.5167,81.21,83,40,18.41
237,Kuznechnoye,RU,2022-10-11 23:30:34,61.12,29.8686,46.99,88,44,9.22
238,Lompoc,US,2022-10-11 23:30:34,34.6391,-120.4579,78.78,83,0,12.66
239,Gijon,ES,2022-10-11 23:30:35,43.5357,-5.6615,63.81,95,21,1.88
240,Foz Do Sousa,PT,2022-10-11 23:30:35,41.0967,-8.5018,67.08,83,9,1.79
241,Mana,GF,2022-10-11 23:30:37,5.6592,-53.7767,79.63,87,43,9.62
242,Harduaganj,IN,2022-10-11 23:30:37,27.95,78.1667,71.58,90,0,3.56
243,Twentynine Palms,US,2022-10-11 23:30:38,34.1356,-116.0542,86.14,25,36,3.44
244,Cerano,MX,2022-10-11 23:30:39,20.1167,-101.3833,74.97,63,100,3.02
245,Worms,DE,2022-10-11 23:30:39,49.6356,8.3597,53.22,89,17,3.56
246,Tuatapere,NZ,2022-10-11 23:30:40,-46.1333,167.6833,53.51,49,53,5.03
247,Nemuro,JP,2022-10-11 23:30:40,43.3236,145.575,56.3,70,7,11.88
248,Mattru,SL,2022-10-11 23:30:41,7.6244,-11.8332,73.58,97,98,1.72
249,Wakkanai,JP,2022-10-11 23:30:41,45.4094,141.6739,54.77,60,99,20.74
250,Esperance,AU,2022-10-11 23:30:42,-33.8667,121.9,56.01,67,41,19.08
251,Kintampo,GH,2022-10-11 23:30:42,8.0563,-1.7306,71.92,92,100,2.1
252,Camiri,BO,2022-10-11 23:30:43,-20.05,-63.5167,57.45,66,0,1.95
253,Klaksvik,FO,2022-10-11 23:30:43,62.2266,-6.589,50.92,98,100,16.4
254,Henties Bay,NA,2022-10-11 23:30:44,-22.116,14.2845,58.08,93,32,7.52
255,Kaeo,NZ,2022-10-11 23:30:44,-35.1,173.7833,63.09,59,100,7.45
256,Fortuna,US,2022-10-11 23:30:45,40.5982,-124.1573,63.91,82,0,10.36
257,Samana,DO,2022-10-11 23:30:45,19.2056,-69.3369,75.16,88,45,7.56
258,Ahipara,NZ,2022-10-11 23:30:46,-35.1667,173.1667,63.68,59,100,2.68
259,Disna,BY,2022-10-11 23:30:47,55.568,28.1971,40.44,95,50,6.85
260,Wilmington,US,2022-10-11 23:26:13,34.2257,-77.9447,69.85,65,0,4.61
261,Manali,IN,2022-10-11 23:30:48,13.1667,80.2667,82.49,84,80,5.77
262,Kirakira,SB,2022-10-11 23:30:49,-10.4544,161.9205,84.0,70,13,5.99
263,Leningradskiy,RU,2022-10-11 23:30:49,69.3833,178.4167,22.6,71,95,16.8
264,Lebu,CL,2022-10-11 23:30:50,-37.6167,-73.65,52.07,89,78,2.82
265,Longyearbyen,SJ,2022-10-11 23:30:50,78.2186,15.6401,35.44,64,75,14.97
266,Carmelo,UY,2022-10-11 23:30:51,-33.9892,-58.2856,54.0,44,0,8.05
267,Namibe,AO,2022-10-11 23:27:38,-15.1961,12.1522,67.1,87,55,6.71
268,Zyryanka,RU,2022-10-11 23:30:52,65.75,150.85,13.3,87,6,9.48
269,Sibu,MY,2022-10-11 23:30:52,2.3,111.8167,75.51,94,40,3.44
270,Pechea,RO,2022-10-11 23:30:53,45.6333,27.8,51.39,63,90,1.21
271,Kavaratti,IN,2022-10-11 23:30:53,10.5669,72.642,80.02,79,97,8.86
272,Vila Velha,BR,2022-10-11 23:30:54,-20.3297,-40.2925,76.95,83,40,10.36
273,Tigre,AR,2022-10-11 23:30:54,-34.426,-58.5796,63.25,41,0,6.91
274,Puerto Carreno,CO,2022-10-11 23:30:55,6.189,-67.4859,74.7,95,99,11.39
275,Yellowknife,CA,2022-10-11 23:31:26,62.456,-114.3525,32.52,93,100,19.57
276,West Wendover,US,2022-10-11 23:31:56,40.7391,-114.0733,78.01,13,0,18.41
277,Ouallam,NE,2022-10-11 23:31:57,14.3188,2.0866,90.0,29,43,6.49
278,Kimry,RU,2022-10-11 23:31:57,56.8667,37.35,38.08,84,22,3.4
279,El Alto,PE,2022-10-11 23:31:58,-4.2714,-81.2147,64.06,85,16,15.32
280,Champerico,GT,2022-10-11 23:31:58,14.3,-91.9167,77.54,93,100,11.36
281,Kon Tum,VN,2022-10-11 23:31:59,14.35,108.0,70.36,90,65,2.91
282,Alice Springs,AU,2022-10-11 23:32:00,-23.7,133.8833,88.21,40,5,24.16
283,Ula,IN,2022-10-11 23:32:01,22.7225,88.5556,76.64,94,100,5.86
284,Erenhot,CN,2022-10-11 23:32:01,43.6475,111.9767,45.3,27,34,9.26
285,Dauphin,CA,2022-10-11 23:30:43,51.1494,-100.0502,48.34,71,100,21.85
286,Gamba,GA,2022-10-11 23:32:02,-2.65,10.0,76.12,90,100,3.6
287,Port Lincoln,AU,2022-10-11 23:30:36,-34.7333,135.8667,60.03,63,49,11.41
288,Mount Isa,AU,2022-10-11 23:32:03,-20.7333,139.5,83.97,30,73,8.05
289,Rincon,US,2022-10-11 23:32:04,32.296,-81.2354,71.94,83,75,12.66
290,Mareeba,AU,2022-10-11 23:32:04,-17.0,145.4333,81.45,68,42,8.37
291,Mahebourg,MU,2022-10-11 23:32:05,-20.4081,57.7,70.09,78,40,6.91
292,Eyl,SO,2022-10-11 23:32:06,7.9803,49.8164,77.36,80,85,15.32
293,Tootsi,EE,2022-10-11 23:32:06,58.5781,24.7925,40.75,93,3,4.79
294,Yumen,CN,2022-10-11 23:32:07,40.2833,97.2,43.36,33,100,9.1
295,Ponta Do Sol,PT,2022-10-11 23:32:07,32.6667,-17.1,70.43,56,3,7.07
296,Dillon,US,2022-10-11 23:32:08,34.4166,-79.3712,71.58,58,59,4.72
297,Kitob,UZ,2022-10-11 23:32:08,39.0843,66.8332,57.96,24,0,3.02
298,Toccoa,US,2022-10-11 23:32:09,34.5773,-83.3324,69.73,83,40,3.44
299,Lagoa,PT,2022-10-11 23:32:09,39.05,-27.9833,69.73,81,31,2.26
300,Avera,US,2022-10-11 23:32:10,33.194,-82.5271,74.71,78,86,12.19
301,Murakami,JP,2022-10-11 23:32:10,38.2333,139.4833,64.29,64,100,2.93
302,Zion,US,2022-10-11 23:32:11,42.4461,-87.8328,61.72,95,100,12.66
303,Ilulissat,GL,2022-10-11 23:32:12,69.2167,-51.1,20.39,81,100,3.71
304,Ingham,US,2022-10-11 23:32:12,42.6,-84.3833,69.66,50,100,5.75
305,Bac Lieu,VN,2022-10-11 23:32:13,9.285,105.7244,76.89,92,100,7.52
306,Andenes,NO,2022-10-11 23:32:13,69.3143,16.1194,42.78,70,75,24.16
307,Shetpe,KZ,2022-10-11 23:32:14,44.1667,52.1167,57.52,73,84,11.45
308,Homer,US,2022-10-11 23:30:26,59.6425,-151.5483,43.81,63,100,5.75
309,Necochea,AR,2022-10-11 23:32:15,-38.5473,-58.7368,53.87,54,10,13.96
310,Kerouane,GN,2022-10-11 23:32:16,9.2667,-9.0167,69.71,95,99,3.62
311,Dawei,MM,2022-10-11 23:32:16,14.0833,98.2,73.47,88,40,3.49
312,Tura,IN,2022-10-11 23:32:17,25.5198,90.2201,71.15,99,100,4.03
313,Taoudenni,ML,2022-10-11 23:32:17,22.6783,-3.9836,91.65,19,43,7.65
314,Marzuq,YE,2022-10-11 23:32:18,14.4,46.4667,68.86,65,0,1.99
315,Isangel,VU,2022-10-11 23:32:18,-19.55,169.2667,82.51,74,75,6.91
316,Chippenham,GB,2022-10-11 23:32:19,51.46,-2.1247,51.39,85,99,4.32
317,Kindu,CD,2022-10-11 23:32:20,-2.95,25.95,69.62,98,98,3.02
318,Kosikha,RU,2022-10-11 23:32:20,53.3617,84.5822,46.22,59,100,11.39
319,Lasa,IT,2022-10-11 23:32:21,46.6166,10.7002,56.28,93,92,1.57
320,Zhaotong,CN,2022-10-11 23:33:21,27.3167,103.7167,48.25,96,100,4.0
321,Ponta Delgada,PT,2022-10-11 23:33:23,37.7333,-25.6667,71.51,83,75,3.44
322,Tambopata,PE,2022-10-11 23:33:24,-12.7333,-69.1833,76.89,69,0,2.3
323,Coahuayana,MX,2022-10-11 23:33:24,18.7333,-103.6833,83.16,82,100,3.02
324,Tessalit,ML,2022-10-11 23:33:25,20.1986,1.0114,83.14,14,15,10.87
325,Stabat,ID,2022-10-11 23:33:25,3.761,98.4513,73.6,97,100,0.89
326,Kruisfontein,ZA,2022-10-11 23:33:26,-34.0033,24.7314,62.89,93,99,5.59
327,Xuanhua,CN,2022-10-11 23:33:26,40.6103,115.0447,50.13,29,40,2.15
328,Tautira,PF,2022-10-11 23:33:27,-17.7333,-149.15,76.98,79,28,15.39
329,Kemijarvi,FI,2022-10-11 23:33:27,66.7131,27.4306,40.78,94,100,7.05
330,Wonosobo,ID,2022-10-11 23:33:29,-7.36,109.9025,68.86,100,100,2.91
331,Jaguaruna,BR,2022-10-11 23:33:29,-28.615,-49.0256,65.07,99,100,6.08
332,Lakatoro,VU,2022-10-11 23:33:30,-16.0999,167.4164,81.3,76,64,8.08
333,Delta,NG,2022-10-11 23:32:52,5.5,6.0,75.02,96,99,3.15
334,Middle Island,US,2022-10-11 23:30:24,40.8843,-72.9373,62.65,78,0,8.05
335,Purnia,IN,2022-10-11 23:33:31,25.7833,87.4667,74.12,88,73,4.99
336,Walvis Bay,NA,2022-10-11 23:33:32,-22.9575,14.5053,59.09,88,42,13.8
337,Codo,BR,2022-10-11 23:33:32,-4.4553,-43.8856,83.28,36,86,0.34
338,Gorom-Gorom,BF,2022-10-11 23:33:33,14.4439,-0.2361,91.26,30,92,9.24
339,Sabha,LY,2022-10-11 23:33:34,27.0377,14.4283,72.9,26,35,6.29
340,Asau,RO,2022-10-11 23:33:34,46.4333,26.4,47.32,69,77,2.8
341,Nyurba,RU,2022-10-11 23:33:35,63.2842,118.3319,35.19,100,100,5.95
342,Letterkenny,IE,2022-10-11 23:33:35,54.95,-7.7333,51.24,92,100,14.16
343,Dahuk,IQ,2022-10-11 23:33:36,36.8695,42.994,65.91,33,0,3.51
344,Motygino,RU,2022-10-11 23:33:37,58.1831,94.7592,39.54,81,100,7.49
345,Los Llanos De Aridane,ES,2022-10-11 23:33:38,28.6585,-17.9182,67.75,76,75,10.36
346,Hambantota,LK,2022-10-11 23:33:38,6.1241,81.1185,77.45,84,29,12.93
347,Shizunai,JP,2022-10-11 23:33:39,42.3339,142.3669,56.97,62,16,16.6
348,La Ronge,CA,2022-10-11 23:33:39,55.1001,-105.2842,48.45,49,75,19.57
349,Dokka,NO,2022-10-11 23:33:40,60.84,10.0618,34.93,84,60,3.94
350,Altay,CN,2022-10-11 23:31:40,47.8667,88.1167,34.77,66,9,3.49
351,Spirit River,CA,2022-10-11 23:30:06,55.7833,-118.8361,54.03,32,25,16.91
352,Tiksi,RU,2022-10-11 23:33:42,71.6872,128.8694,20.66,83,100,18.63
353,Abidjan,CI,2022-10-11 23:32:04,5.3094,-4.0197,78.76,94,40,5.75
354,Punta De Bombon,PE,2022-10-11 23:33:44,-17.1717,-71.7931,61.12,80,29,7.09
355,Torata,PE,2022-10-11 23:33:44,-17.0769,-70.8433,56.97,40,2,1.59
356,Kochi,IN,2022-10-11 23:33:45,9.9399,76.2602,77.02,94,100,9.35
357,Pasighat,IN,2022-10-11 23:33:45,28.0667,95.3333,72.0,98,100,2.1
358,Novita,CO,2022-10-11 23:33:46,4.9551,-76.6053,74.66,98,90,1.92
359,Camopi,GF,2022-10-11 23:33:46,3.1655,-52.3158,73.6,99,94,1.77
360,Shakiso,ET,2022-10-11 23:33:47,5.75,38.9167,54.91,95,20,2.89
361,Challapata,BO,2022-10-11 23:33:47,-18.9,-66.7667,45.14,16,0,13.82
362,Mahon,ES,2022-10-11 23:33:48,39.8885,4.2658,70.38,74,100,11.5
363,The Valley,AI,2022-10-11 23:33:48,18.217,-63.0578,81.1,83,20,11.5
364,Barabai,ID,2022-10-11 23:33:49,-2.5833,115.3833,76.41,91,98,0.51
365,Tarut,SA,2022-10-11 23:33:49,26.5733,50.0369,75.4,47,0,9.8
366,Lyaskelya,RU,2022-10-11 23:34:51,61.7667,31.0167,44.85,92,52,8.95
367,Nanortalik,GL,2022-10-11 23:34:54,60.1432,-45.2371,33.03,78,36,7.74
368,Libreville,GA,2022-10-11 23:34:55,0.3925,9.4537,76.55,89,86,5.39
369,Kushmurun,KZ,2022-10-11 23:34:55,52.4503,64.6311,46.02,48,95,6.62
370,Coolum Beach,AU,2022-10-11 23:34:56,-26.5333,153.1,71.11,66,87,13.91
371,Sanmenxia,CN,2022-10-11 23:34:57,34.7747,111.1814,53.17,52,84,6.15
372,Shahada,IN,2022-10-11 23:34:57,21.55,74.4667,78.21,78,83,2.59
373,Lavrentiya,RU,2022-10-11 23:34:58,65.5833,-171.0,29.16,59,100,10.18
374,Nueva Guinea,NI,2022-10-11 23:34:58,11.6876,-84.4562,75.02,92,38,5.73
375,Katsuura,JP,2022-10-11 23:33:53,35.1333,140.3,71.53,68,100,16.2
376,Plettenberg Bay,ZA,2022-10-11 23:34:59,-34.0527,23.3716,62.67,89,100,3.56
377,Zima,RU,2022-10-11 23:35:00,53.9202,102.0442,39.22,68,100,3.62
378,Lock Haven,US,2022-10-11 23:35:00,41.137,-77.4469,60.01,82,0,3.2
379,Vardo,NO,2022-10-11 23:35:01,70.3705,31.1107,46.38,87,100,12.66
380,Warrnambool,AU,2022-10-11 23:35:01,-38.3833,142.4833,64.24,72,100,17.78
381,Pauini,BR,2022-10-11 23:35:02,-7.7136,-66.9764,74.71,91,75,2.33
382,Caravelas,BR,2022-10-11 23:35:03,-17.7125,-39.2481,74.61,75,1,8.34
383,Roebourne,AU,2022-10-11 23:31:01,-20.7833,117.1333,78.06,30,0,16.31
384,Mahibadhoo,MV,2022-10-11 23:35:05,3.7833,72.9667,81.55,77,85,19.13
385,Awbari,LY,2022-10-11 23:35:05,26.5921,12.7805,71.35,25,18,5.99
386,Tooele,US,2022-10-11 23:35:06,40.5308,-112.2983,71.08,26,0,4.61
387,North Bend,US,2022-10-11 23:35:07,43.4065,-124.2243,77.92,75,0,23.02
388,Torbat-E Jam,IR,2022-10-11 23:35:07,35.244,60.6225,60.12,21,0,6.02
389,Hachinohe,JP,2022-10-11 23:34:58,40.5,141.5,59.2,63,97,11.92
390,Vychegodskiy,RU,2022-10-11 23:35:08,61.247,46.8984,38.01,96,17,4.12
391,Viedma,AR,2022-10-11 23:35:09,-40.8135,-62.9967,65.35,23,72,10.2
392,Gazanjyk,TM,2022-10-11 23:35:09,39.2446,55.5154,64.33,93,0,8.41
393,Vila,PT,2022-10-11 23:35:10,42.0304,-8.1588,54.48,90,42,3.47
394,Neyshabur,IR,2022-10-11 23:35:11,36.2133,58.7958,62.29,22,0,1.52
395,Phibun Mangsahan,TH,2022-10-11 23:35:12,15.2447,105.2291,69.78,83,47,6.71
396,Peterhead,GB,2022-10-11 23:35:13,57.5058,-1.7981,50.45,80,93,20.74
397,Bella Vista,US,2022-10-11 23:35:13,36.4295,-94.2316,76.28,47,0,13.8
398,Birecik,TR,2022-10-11 23:35:15,37.0294,37.9903,58.21,37,0,3.27
399,East London,ZA,2022-10-11 23:34:48,-33.0153,27.9116,68.11,71,91,11.12
400,Conde,BR,2022-10-11 23:35:17,-7.2597,-34.9075,76.46,78,75,6.91
401,Touros,BR,2022-10-11 23:35:18,-5.1989,-35.4608,77.9,73,90,17.69
402,Port Hardy,CA,2022-10-11 23:30:37,50.6996,-127.4199,59.18,55,20,10.36
403,Nouakchott,MR,2022-10-11 23:35:19,18.0858,-15.9785,80.53,79,65,10.83
404,Andra,RU,2022-10-11 23:35:19,62.5147,65.8878,33.98,95,10,4.38
405,Cascais,PT,2022-10-11 23:31:42,38.6979,-9.4215,65.93,96,0,17.0
406,Ust-Omchug,RU,2022-10-11 23:35:21,61.15,149.6333,16.3,80,100,5.26
407,Guapimirim,BR,2022-10-11 23:30:31,-22.5372,-42.9819,78.51,75,55,4.79
408,San Patricio,US,2022-10-11 23:35:22,28.017,-97.5169,87.75,63,47,11.63
409,Cervo,ES,2022-10-11 23:35:22,43.6702,-7.4101,61.97,92,68,6.4
410,Yelizavetino,RU,2022-10-11 23:35:23,59.4916,29.7938,43.36,91,78,9.93
411,Celestun,MX,2022-10-11 23:36:24,20.8667,-90.4,83.34,74,96,16.15
412,Strezhevoy,RU,2022-10-11 23:31:43,60.7333,77.5889,36.64,89,90,8.79
413,Gimbi,ET,2022-10-11 23:36:25,9.1667,35.8333,52.81,95,25,2.35
414,La Ligua,CL,2022-10-11 23:33:51,-32.4524,-71.2311,52.27,90,76,1.81
415,Alta Floresta,BR,2022-10-11 23:36:25,-9.8756,-56.0861,74.66,79,89,2.48
416,Kangalassy,RU,2022-10-11 23:36:26,62.3464,129.9628,22.93,86,62,2.53
417,Khrebtovaya,RU,2022-10-11 23:36:27,56.7032,104.2494,36.73,97,100,11.27
418,Goundam,ML,2022-10-11 23:36:27,16.4145,-3.6708,90.68,13,80,8.66
419,Worland,US,2022-10-11 23:36:28,44.0169,-107.9554,59.67,43,0,6.91
420,Crewe,GB,2022-10-11 23:36:28,53.0979,-2.4416,49.62,75,88,7.18
421,Daoukro,CI,2022-10-11 23:36:29,7.0591,-3.9631,71.02,99,50,2.21
422,Nurma,RU,2022-10-11 23:36:29,59.55,31.0167,41.47,97,83,6.87
423,Maragogi,BR,2022-10-11 23:36:06,-9.0122,-35.2225,75.78,81,16,12.48
424,Nizwa,OM,2022-10-11 23:36:30,22.9333,57.5333,72.43,27,6,0.98
425,Denpasar,ID,2022-10-11 23:36:24,-8.65,115.2167,80.26,94,20,1.14
426,Ust-Kuyga,RU,2022-10-11 23:36:31,70.0167,135.6,6.28,94,21,7.58
427,Alofi,NU,2022-10-11 23:36:31,-19.0595,-169.9187,77.05,84,34,18.92
428,Rawson,AR,2022-10-11 23:36:32,-43.3002,-65.1023,64.54,34,77,21.63
429,Podosinovets,RU,2022-10-11 23:36:32,60.2776,47.0659,37.27,94,6,3.38
430,Bousso,TD,2022-10-11 23:36:33,10.4795,16.7117,74.03,89,71,3.98
431,Zeya,RU,2022-10-11 23:36:33,53.75,127.2667,36.14,64,30,3.0
432,Port Blair,IN,2022-10-11 23:33:17,11.6667,92.75,75.24,100,40,1.14
433,Vestmanna,FO,2022-10-11 23:36:34,62.1564,-7.1664,49.12,100,100,9.22
434,Gashua,NG,2022-10-11 23:36:35,12.871,11.0482,83.95,20,17,7.23
435,Pacific Grove,US,2022-10-11 23:36:35,36.6177,-121.9166,68.38,85,40,10.36
436,Port Hawkesbury,CA,2022-10-11 23:36:36,45.6169,-61.3485,52.59,93,0,0.0
437,Careiro Da Varzea,BR,2022-10-11 23:36:37,-3.2003,-59.8119,83.03,64,76,4.16
438,Marienburg,PL,2022-10-11 23:36:38,54.0359,19.0266,47.88,92,12,7.61
439,Bastia,FR,2022-10-11 23:36:38,42.6667,9.3333,65.3,88,0,5.75
440,Udayagiri,IN,2022-10-11 23:36:39,20.1333,84.3833,68.0,97,89,1.36
441,Riberalta,BO,2022-10-11 23:36:40,-10.9833,-66.1,82.6,78,75,0.0
442,Boa Vista,BR,2022-10-11 23:34:39,2.8197,-60.6733,84.18,61,20,3.44
443,Binga,ZW,2022-10-11 23:34:20,-17.6203,27.3414,72.72,43,2,2.15
444,Priargunsk,RU,2022-10-11 23:36:41,50.3691,119.1012,40.77,37,99,2.62
445,Ayagoz,KZ,2022-10-11 23:36:41,47.9714,80.4392,37.17,56,38,6.98
446,Shar,KZ,2022-10-11 23:36:42,49.5886,81.0453,41.32,52,16,6.78
447,Cuddapah,IN,2022-10-11 23:36:42,14.4667,78.8167,74.17,94,99,4.74
448,Boguchany,RU,2022-10-11 23:36:43,58.3814,97.4531,38.98,85,100,9.01
449,Onega,RU,2022-10-11 23:36:43,63.9061,38.1404,43.39,80,72,12.59
450,Turukhansk,RU,2022-10-11 23:36:44,65.8167,87.9833,34.47,92,100,11.34
451,Guanica,PR,2022-10-11 23:36:45,17.9716,-66.908,81.05,90,10,8.39
452,Nadym,RU,2022-10-11 23:36:46,65.5333,72.5167,38.66,83,100,14.79
453,Shahr-E Kord,IR,2022-10-11 23:36:46,32.3256,50.8644,40.77,42,0,4.61
454,Nabire,ID,2022-10-11 23:36:47,-3.3667,135.4833,83.61,70,92,1.16
455,Daru,PG,2022-10-11 23:36:47,-9.0763,143.2092,82.94,77,51,10.4
456,Coihaique,CL,2022-10-11 23:37:48,-45.5752,-72.0662,48.15,49,75,11.5
457,Riyadh,SA,2022-10-11 23:37:06,24.6877,46.7219,73.54,19,0,5.12
458,Husavik,IS,2022-10-11 23:37:49,66.0449,-17.3389,41.49,94,100,4.32
459,Cumpas,MX,2022-10-11 23:37:49,29.9833,-109.7833,81.03,34,34,4.03
460,Bombay,IN,2022-10-11 23:37:25,19.0144,72.8479,78.78,94,75,4.61
461,Payson,US,2022-10-11 23:37:50,40.0444,-111.7321,72.88,24,75,16.11
462,Luancheng,CN,2022-10-11 23:37:50,37.8792,114.6517,39.36,46,31,1.74
463,Bjornevatn,NO,2022-10-11 23:37:51,69.6672,29.9847,44.22,93,100,10.36
464,Walla Walla,US,2022-10-11 23:37:40,46.0646,-118.343,78.85,38,0,3.0
465,Sambalpur,IN,2022-10-11 23:37:52,21.45,83.9667,75.06,92,100,2.42
466,Suhbaatar,MN,2022-10-11 23:37:52,50.2314,106.2078,34.2,85,13,4.07
467,Gari,RU,2022-10-11 23:37:53,59.4307,62.3497,35.8,92,10,2.15
468,Washington,US,2022-10-11 23:36:54,47.5001,-120.5015,78.19,31,1,3.87
469,Monywa,MM,2022-10-11 23:37:54,22.1167,95.1333,76.3,88,83,4.29
470,Cockburn Town,TC,2022-10-11 23:37:54,21.4612,-71.1419,82.36,78,40,11.5
471,Saint Anthony,US,2022-10-11 23:37:55,45.0205,-93.218,77.13,56,0,16.11
472,Mendi,PG,2022-10-11 23:37:56,-6.1761,143.6513,64.24,85,83,2.91
473,Khandagayty,RU,2022-10-11 23:37:56,50.7333,92.05,31.86,72,91,2.37
474,Scalea,IT,2022-10-11 23:37:57,39.813,15.7956,66.78,76,50,5.3
475,Oistins,BB,2022-10-11 23:37:57,13.0667,-59.5333,80.69,83,40,18.41
476,Synya,RU,2022-10-11 23:37:58,65.3718,58.0387,40.14,95,100,6.33
477,Ust-Kut,RU,2022-10-11 23:37:58,56.7938,105.7672,38.55,97,100,11.1
478,Seminole,US,2022-10-11 23:37:59,28.7086,-81.2081,82.38,78,0,9.22
479,Navsari,IN,2022-10-11 23:38:00,20.9524,72.9324,77.86,87,99,0.72
480,Varda,GR,2022-10-11 23:38:00,38.0333,21.3667,66.13,94,40,0.0
481,Raudeberg,NO,2022-10-11 23:38:01,61.9875,5.1352,47.07,20,96,20.69
482,Nideggen,DE,2022-10-11 23:38:01,50.7,6.4833,41.59,93,5,4.61
483,Saint-Louis,SN,2022-10-11 23:38:02,16.3333,-15.0,87.44,43,98,11.34
484,Kutum,SD,2022-10-11 23:38:03,14.2,24.6667,76.32,27,20,8.28
485,Deep River,CA,2022-10-11 23:38:03,46.1001,-77.4995,53.35,81,4,2.91
486,Porto Walter,BR,2022-10-11 23:38:04,-8.2686,-72.7439,82.89,53,88,2.82
487,Korla,CN,2022-10-11 23:38:05,41.7597,86.1469,43.77,73,18,10.0
488,Deputatskiy,RU,2022-10-11 23:38:06,69.3,139.9,3.34,81,14,4.41
489,Okhotsk,RU,2022-10-11 23:38:07,59.3833,143.3,33.6,61,85,16.78
490,Jurm,AF,2022-10-11 23:38:08,36.8648,70.8342,45.52,36,0,1.01
491,Itarema,BR,2022-10-11 23:38:08,-2.9248,-39.9167,79.61,77,82,18.16
492,Vostok,RU,2022-10-11 23:38:09,46.4856,135.8833,37.94,74,23,5.91
493,Richards Bay,ZA,2022-10-11 23:38:10,-28.783,32.0377,73.0,75,75,5.55
494,Guiratinga,BR,2022-10-11 23:38:10,-16.3494,-53.7583,80.24,46,91,0.92
495,Muzaffarabad,PK,2022-10-11 23:38:11,34.37,73.4711,61.54,71,3,4.41
496,Rantepao,ID,2022-10-11 23:38:12,-2.9701,119.8978,72.46,83,100,0.92
497,Iskandar,UZ,2022-10-11 23:38:12,41.5539,69.7008,45.45,21,0,6.02
498,Dauriya,RU,2022-10-11 23:38:13,49.9333,116.8667,39.72,58,99,10.54
499,Adre,TD,2022-10-11 23:38:13,13.4667,22.2,77.27,54,81,5.91
500,Birao,CF,2022-10-11 23:38:15,10.2849,22.7882,71.65,84,62,1.92
501,Tishchenskoye,RU,2022-10-11 23:38:15,45.4606,41.6738,53.8,70,92,16.89
502,Kembe,CF,2022-10-11 23:39:16,4.6228,21.8865,66.88,98,82,2.13
503,Dimbokro,CI,2022-10-11 23:39:17,6.6451,-4.7048,71.42,99,60,3.2
504,Winnipeg,CA,2022-10-11 23:35:09,49.8844,-97.147,55.09,65,75,23.02
505,Mehamn,NO,2022-10-11 23:39:18,71.0357,27.8492,46.31,81,99,17.27
506,Kungurtug,RU,2022-10-11 23:39:19,50.5994,97.5228,25.99,81,72,2.48
507,Udachnyy,RU,2022-10-11 23:39:19,66.4167,112.4,28.47,98,100,5.68
508,Aswan,EG,2022-10-11 23:35:22,24.0934,32.907,78.1,36,0,9.22
509,Berlevag,NO,2022-10-11 23:39:20,70.8578,29.0864,46.35,76,100,18.41
510,Estelle,US,2022-10-11 23:35:40,29.8458,-90.1067,80.6,67,75,5.75
511,Tondano,ID,2022-10-11 23:39:22,1.3038,124.9112,71.69,79,98,1.61
512,Ola,RU,2022-10-11 23:39:22,59.5833,151.2833,28.15,55,100,12.64
513,Jalu,LY,2022-10-11 23:39:23,29.0331,21.5482,73.18,38,100,4.72
514,Nadadores,MX,2022-10-11 23:39:24,27.05,-101.6,85.24,51,5,3.24
515,Salalah,OM,2022-10-11 23:39:25,17.0151,54.0924,73.49,49,0,4.61
516,Serabu,SL,2022-10-11 23:39:25,7.7958,-12.0536,73.8,97,99,2.42
517,Mazagao,BR,2022-10-11 23:39:26,-0.115,-51.2894,87.85,72,41,7.4
518,Acapulco,MX,2022-10-11 23:38:45,16.8634,-99.8901,80.42,83,100,10.36
519,Praia Da Vitoria,PT,2022-10-11 23:39:27,38.7333,-27.0667,68.76,94,0,2.53
520,Yerbogachen,RU,2022-10-11 23:39:28,61.2767,108.0108,36.52,97,100,9.53
521,Palmer,US,2022-10-11 23:39:28,42.1584,-72.3287,57.61,77,20,4.61
522,Orodara,BF,2022-10-11 23:39:29,10.9492,-4.9342,71.44,88,68,3.42
523,Paamiut,GL,2022-10-11 23:39:30,61.994,-49.6678,30.33,61,88,9.91
524,Westport,US,2022-10-11 23:34:47,41.1415,-73.3579,62.94,75,0,4.61
525,Isla Mujeres,MX,2022-10-11 23:39:31,21.2311,-86.731,84.25,82,8,10.85
526,Ternate,ID,2022-10-11 23:39:32,0.8,127.4,80.8,80,80,10.04
527,Gongzhuling,CN,2022-10-11 23:39:32,43.5008,124.8198,45.5,58,8,8.28
528,Puerto Narino,CO,2022-10-11 23:39:33,-3.7703,-70.3831,80.28,75,89,3.89
529,Cayenne,GF,2022-10-11 23:39:34,4.9333,-52.3333,80.64,83,20,3.44
530,Nicoya,CR,2022-10-11 23:39:35,10.1483,-85.452,76.26,89,36,1.63
531,Lysychovo,UA,2022-10-11 23:39:36,48.4968,23.2899,50.67,89,96,4.99
532,Rondonopolis,BR,2022-10-11 23:38:34,-16.4708,-54.6356,78.31,63,79,1.5
533,Omagari,JP,2022-10-11 23:39:37,39.45,140.4833,54.36,67,100,4.61
534,Tolaga Bay,NZ,2022-10-11 23:39:37,-38.3667,178.3,56.05,93,100,7.81
535,Tual,ID,2022-10-11 23:39:38,-5.6667,132.75,82.44,74,100,4.21
536,Dubbo,AU,2022-10-11 23:39:39,-32.25,148.6167,64.53,59,94,14.97
537,Tateyama,JP,2022-10-11 23:37:42,34.9833,139.8667,68.09,67,100,16.17
538,Geraldton,AU,2022-10-11 23:39:40,-28.7667,114.6,48.61,87,49,5.75
539,Bull Savanna,JM,2022-10-11 23:39:40,17.8868,-77.5902,77.47,85,50,8.72
540,Dalkola,IN,2022-10-11 23:39:41,25.85,87.85,74.48,90,94,5.12
541,Ucluelet,CA,2022-10-11 23:39:41,48.9329,-125.5528,59.09,79,1,1.01
542,Krasnoselkup,RU,2022-10-11 23:39:42,65.7,82.4667,36.48,96,100,11.01
543,Linguere,SN,2022-10-11 23:39:42,15.3953,-15.1193,82.62,78,0,4.61
544,Balkhash,KZ,2022-10-11 23:39:43,46.844,74.9804,44.22,48,6,13.2
545,Nhulunbuy,AU,2022-10-11 23:40:44,-12.2333,136.7667,86.61,66,40,10.36
546,Haines Junction,CA,2022-10-11 23:40:44,60.7522,-137.5108,49.95,46,100,2.3
547,Lao Cai,VN,2022-10-11 23:40:45,22.4833,103.95,70.05,83,70,0.49
548,Solnechnyy,RU,2022-10-11 23:40:45,50.7214,136.6319,38.19,71,45,2.33
549,Talnakh,RU,2022-10-11 23:40:46,69.4865,88.3972,33.21,91,100,9.19
550,Kailua,US,2022-10-11 23:40:47,21.4022,-157.7394,85.41,83,66,3.15
551,Fomboni,KM,2022-10-11 23:40:47,-12.28,43.7425,75.42,73,0,3.78
552,Conway,US,2022-10-11 23:38:55,35.0887,-92.4421,80.71,39,0,8.05
553,Kashin,RU,2022-10-11 23:40:48,57.3592,37.6081,38.12,88,17,5.12
554,Mugur-Aksy,RU,2022-10-11 23:40:48,50.35,90.5,29.19,53,94,5.06
555,Ixtapa,MX,2022-10-11 23:40:49,20.7,-105.2,88.23,79,0,10.36
556,Namanga,KE,2022-10-11 23:40:49,-2.5433,36.7905,60.19,64,4,2.95
557,Serenje,ZM,2022-10-11 23:40:50,-13.2325,30.2352,61.2,34,12,4.5
558,Copacabana,CO,2022-10-11 23:40:51,6.3463,-75.5089,75.54,57,75,6.91
559,Bairiki,KI,2022-10-11 23:40:51,1.3292,172.9752,78.8,89,75,6.91
560,Oriximina,BR,2022-10-11 23:40:52,-1.7656,-55.8661,82.76,59,68,3.76
