City_ID,City,Country,Lat,Lng,Max Temp,Humidity,Cloudiness,Wind Speed,Current Description,Date
0,Hasaki,JP,35.7333,140.8333,76.21,65,3,10.29,clear sky,2022-10-16 04:17:14
1,Teguise,ES,29.0605,-13.564,66.42,73,100,11.5,light rain,2022-10-16 04:17:14
2,Busselton,AU,-33.65,115.3333,61.16,47,51,9.73,broken clouds,2022-10-16 04:17:15
3,Kenora,CA,49.8167,-94.4337,36.57,100,100,10.36,overcast clouds,2022-10-16 04:15:47
4,Kapaa,US,22.0752,-159.319,82.38,78,100,13.8,overcast clouds,2022-10-16 04:17:16
5,Punta Arenas,CL,-53.15,-70.9167,41.11,70,0,16.11,clear sky,2022-10-16 04:12:19
6,Taseyevo,RU,57.2169,94.8978,38.44,58,73,7.45,broken clouds,2022-10-16 04:17:17
7,Provideniya,RU,64.3833,-173.3,27.63,80,100,14.88,overcast clouds,2022-10-16 04:12:20
8,Nadym,RU,65.5333,72.5167,37.22,88,100,4.65,light rain,2022-10-16 04:17:18
9,Rancho Mirage,US,33.7397,-116.4128,70.41,79,0,4.61,clear sky,2022-10-16 04:17:11
10,Thompson,CA,55.7435,-97.8558,26.76,80,100,16.11,overcast clouds,2022-10-16 04:17:19
11,Yabrud,SY,33.9674,36.6574,54.48,60,8,1.81,clear sky,2022-10-16 04:17:19
12,Rikitea,PF,-23.1203,-134.9692,73.2,84,80,18.41,moderate rain,2022-10-16 04:17:20
13,Bull Savanna,JM,17.8868,-77.5902,76.59,79,99,4.92,overcast clouds,2022-10-16 04:17:20
14,New Norfolk,AU,-42.7826,147.0587,58.91,50,93,5.99,overcast clouds,2022-10-16 04:13:40
15,Hermanus,ZA,-34.4187,19.2345,61.81,90,42,9.95,scattered clouds,2022-10-16 04:14:58
16,Codrington,AU,-38.2667,141.9667,56.75,66,32,10.92,scattered clouds,2022-10-16 04:16:31
17,Bredasdorp,ZA,-34.5322,20.0403,56.8,97,99,6.46,overcast clouds,2022-10-16 04:17:21
18,Asau,RO,46.4333,26.4,34.72,89,4,1.88,clear sky,2022-10-16 04:17:22
19,Vestmannaeyjar,IS,63.4427,-20.2734,38.19,67,98,33.8,overcast clouds,2022-10-16 04:17:22
20,Butaritari,KI,3.0707,172.7902,81.54,72,1,17.45,clear sky,2022-10-16 04:17:23
21,Puerto Escondido,MX,15.85,-97.0667,80.06,84,92,3.89,light rain,2022-10-16 04:17:23
22,Hobart,AU,-42.8794,147.3294,59.25,55,40,5.75,scattered clouds,2022-10-16 04:15:02
23,Port Blair,IN,11.6667,92.75,84.24,79,75,8.05,broken clouds,2022-10-16 04:17:24
24,Lompoc,US,34.6391,-120.4579,64.78,89,100,4.61,overcast clouds,2022-10-16 04:16:24
25,Barrow,US,71.2906,-156.7887,15.82,86,0,10.36,clear sky,2022-10-16 04:14:51
26,Aklavik,CA,68.2191,-135.0107,22.23,75,100,9.15,overcast clouds,2022-10-16 04:13:41
27,Armeria,MX,18.9333,-103.9667,78.17,91,65,2.04,broken clouds,2022-10-16 04:17:26
28,San Patricio,US,28.017,-97.5169,82.26,72,3,10.22,clear sky,2022-10-16 04:17:26
29,College,US,64.8569,-147.8028,32.07,79,75,5.75,broken clouds,2022-10-16 04:17:26
30,Port Alfred,ZA,-33.5906,26.891,63.18,96,100,8.01,moderate rain,2022-10-16 04:14:54
31,Ruidoso,US,33.3317,-105.673,59.52,62,19,6.91,few clouds,2022-10-16 04:17:27
32,Ribeira Grande,PT,38.5167,-28.7,62.78,71,99,8.01,overcast clouds,2022-10-16 04:16:19
33,Salinas,US,36.6777,-121.6555,61.83,76,69,1.74,broken clouds,2022-10-16 04:17:28
34,Olafsvik,IS,64.8945,-23.7142,34.83,71,97,40.35,overcast clouds,2022-10-16 04:17:28
35,Saldanha,ZA,-33.0117,17.9442,57.25,90,47,1.66,scattered clouds,2022-10-16 04:16:23
36,Greensburg,US,40.3015,-79.5389,45.99,84,0,0.0,clear sky,2022-10-16 04:17:29
37,Alice Springs,AU,-23.7,133.8833,90.95,40,40,8.05,scattered clouds,2022-10-16 04:17:30
38,Puerto Ayora,EC,-0.7393,-90.3518,64.54,96,86,7.0,overcast clouds,2022-10-16 04:15:09
39,Nipawin,CA,53.3668,-104.0009,28.44,74,0,6.91,clear sky,2022-10-16 04:17:30
40,Chiredzi,ZW,-21.05,31.6667,68.54,84,10,9.82,clear sky,2022-10-16 04:17:31
41,Ushuaia,AR,-54.8,-68.3,46.06,34,0,6.91,clear sky,2022-10-16 04:17:32
42,Jamestown,US,42.097,-79.2353,44.71,90,0,3.44,clear sky,2022-10-16 04:13:31
43,Marsh Harbour,BS,26.5412,-77.0636,80.73,71,16,19.33,few clouds,2022-10-16 04:17:33
44,Burnie,AU,-41.0667,145.9167,56.75,47,96,8.55,overcast clouds,2022-10-16 04:17:33
45,Omboue,GA,-1.5746,9.2618,73.18,94,96,3.15,light rain,2022-10-16 04:17:34
46,Upernavik,GL,72.7868,-56.1549,27.82,62,100,7.56,overcast clouds,2022-10-16 04:16:29
47,Carnarvon,AU,-24.8667,113.6333,70.12,57,64,19.3,broken clouds,2022-10-16 04:17:35
48,Nouadhibou,MR,20.931,-17.0347,67.98,94,75,11.5,mist,2022-10-16 04:18:35
49,Avarua,CK,-21.2078,-159.775,77.05,73,5,8.05,clear sky,2022-10-16 04:18:36
50,Hithadhoo,MV,-0.6,73.0833,81.32,69,96,14.18,overcast clouds,2022-10-16 04:18:37
51,Ginir,ET,7.1333,40.7,58.5,88,80,2.44,light rain,2022-10-16 04:18:37
52,Canavieiras,BR,-15.675,-38.9472,70.36,91,62,5.46,broken clouds,2022-10-16 04:18:38
53,Dikson,RU,73.5069,80.5464,32.49,82,48,12.46,scattered clouds,2022-10-16 04:18:39
54,Storm Lake,US,42.6411,-95.2097,48.42,43,0,11.5,clear sky,2022-10-16 04:18:39
55,Salihorsk,BY,52.7876,27.5415,43.23,72,34,10.94,scattered clouds,2022-10-16 04:18:40
56,Ilhabela,BR,-23.7781,-45.3581,69.21,92,97,5.59,overcast clouds,2022-10-16 04:14:10
57,Gazli,UZ,40.1333,63.45,65.08,26,38,13.51,scattered clouds,2022-10-16 04:18:41
58,Luderitz,NA,-26.6481,15.1594,57.96,87,67,2.71,broken clouds,2022-10-16 04:18:41
59,Isangel,VU,-19.55,169.2667,82.51,69,75,6.91,broken clouds,2022-10-16 04:18:42
60,East London,ZA,-33.0153,27.9116,63.54,94,100,12.66,overcast clouds,2022-10-16 04:18:42
61,Phan Thiet,VN,10.9333,108.1,85.1,65,75,5.61,broken clouds,2022-10-16 04:18:43
62,Oktyabrskiy,RU,54.4815,53.471,41.63,85,100,6.31,overcast clouds,2022-10-16 04:18:43
63,Nanortalik,GL,60.1432,-45.2371,34.83,66,0,11.05,clear sky,2022-10-16 04:18:44
64,San Ramon De La Nueva Oran,AR,-23.1322,-64.326,69.42,59,88,2.42,overcast clouds,2022-10-16 04:18:45
65,Torbay,CA,47.6666,-52.7314,48.97,96,100,4.61,mist,2022-10-16 04:15:11
66,Magdagachi,RU,53.45,125.8,37.71,72,100,10.54,overcast clouds,2022-10-16 04:18:45
67,Faanui,PF,-16.4833,-151.75,79.02,75,49,17.05,light rain,2022-10-16 04:18:46
68,Cape Town,ZA,-33.9258,18.4232,63.12,88,0,3.44,clear sky,2022-10-16 04:15:54
69,Kheda,IN,22.75,72.6833,84.49,46,90,9.04,overcast clouds,2022-10-16 04:18:47
70,Vostok,RU,46.4856,135.8833,42.62,95,100,4.94,overcast clouds,2022-10-16 04:18:47
71,Atuona,PF,-9.8,-139.0333,76.77,76,18,13.62,few clouds,2022-10-16 04:14:56
72,Albany,US,42.6001,-73.9662,52.63,76,92,5.26,overcast clouds,2022-10-16 04:14:41
73,Dillon,US,34.4166,-79.3712,62.58,56,2,7.47,clear sky,2022-10-16 04:18:48
74,San Quintin,MX,30.4833,-115.95,66.94,64,69,4.85,broken clouds,2022-10-16 04:18:49
75,Mar Del Plata,AR,-38.0023,-57.5575,53.87,85,0,8.99,clear sky,2022-10-16 04:18:49
76,Vaini,TO,-21.2,-175.2,78.96,78,20,9.22,few clouds,2022-10-16 04:18:50
77,Peleduy,RU,59.6289,112.7406,33.66,72,100,10.51,overcast clouds,2022-10-16 04:18:50
78,Maputo,MZ,-25.9653,32.5892,69.48,68,75,13.8,broken clouds,2022-10-16 04:18:51
79,Okhotsk,RU,59.3833,143.3,32.61,41,23,9.6,few clouds,2022-10-16 04:18:51
80,Sawakin,SD,19.1059,37.3321,82.08,74,46,3.53,scattered clouds,2022-10-16 04:18:52
81,Kuybysheve,UA,47.358,36.6491,39.7,73,98,11.25,overcast clouds,2022-10-16 04:18:52
82,Pahalgam,IN,34.0333,75.3333,56.68,31,0,2.93,clear sky,2022-10-16 04:18:53
83,Hilo,US,19.7297,-155.09,81.28,83,100,5.75,light rain,2022-10-16 04:16:04
84,Lorengau,PG,-2.0226,147.2712,85.21,70,42,10.33,scattered clouds,2022-10-16 04:18:54
85,Narsaq,GL,60.9167,-46.05,35.82,71,1,9.86,clear sky,2022-10-16 04:14:59
86,Camacha,PT,33.0833,-16.3333,65.62,77,40,2.3,scattered clouds,2022-10-16 04:18:54
87,Mahebourg,MU,-20.4081,57.7,73.69,73,40,11.5,scattered clouds,2022-10-16 04:14:40
88,Arraial Do Cabo,BR,-22.9661,-42.0278,70.07,83,70,10.94,broken clouds,2022-10-16 04:18:55
89,Caravelas,BR,-17.7125,-39.2481,72.39,79,14,7.34,few clouds,2022-10-16 04:18:56
90,Teberda,RU,43.4456,41.7448,47.82,79,100,5.19,overcast clouds,2022-10-16 04:18:56
91,Sobolevo,RU,54.4299,31.8996,37.4,85,11,9.98,few clouds,2022-10-16 04:18:56
92,Pila,PL,53.1515,16.7378,54.1,97,100,7.23,overcast clouds,2022-10-16 04:18:57
93,Ahipara,NZ,-35.1667,173.1667,61.05,62,23,8.19,few clouds,2022-10-16 04:18:58
94,Ust-Maya,RU,60.4167,134.5333,30.15,80,98,6.46,overcast clouds,2022-10-16 04:19:58
95,Nieuw Nickerie,SR,5.95,-56.9833,79.63,85,56,10.16,broken clouds,2022-10-16 04:19:59
96,Terme,TR,41.2092,36.9739,60.73,85,100,4.23,overcast clouds,2022-10-16 04:19:59
97,Mayo,US,38.8876,-76.5119,60.98,93,0,0.0,clear sky,2022-10-16 04:20:00
98,Saskylakh,RU,71.9167,114.0833,25.45,89,100,16.13,overcast clouds,2022-10-16 04:20:00
99,Tessalit,ML,20.1986,1.0114,78.26,16,0,11.23,clear sky,2022-10-16 04:20:01
100,Mataura,NZ,-46.1927,168.8643,56.48,57,85,4.47,overcast clouds,2022-10-16 04:20:02
101,Bluff,NZ,-46.6,168.3333,56.8,70,25,10.94,scattered clouds,2022-10-16 04:16:36
102,Kalianget,ID,-7.05,113.9333,83.88,69,100,4.65,overcast clouds,2022-10-16 04:20:02
103,Victoria,HK,22.2855,114.1577,87.24,46,96,11.01,overcast clouds,2022-10-16 04:15:00
104,Yining,CN,29.0361,114.5636,79.86,35,0,4.14,clear sky,2022-10-16 04:20:03
105,Vung Tau,VN,10.346,107.0843,80.78,69,66,4.21,broken clouds,2022-10-16 04:20:04
106,Poum,NC,-20.2333,164.0167,75.49,72,18,16.89,few clouds,2022-10-16 04:20:04
107,Ixtapa,MX,20.7,-105.2,81.23,94,100,4.61,overcast clouds,2022-10-16 04:16:32
108,Shakawe,BW,-18.3667,21.85,69.13,24,100,6.08,overcast clouds,2022-10-16 04:20:05
109,Severo-Kurilsk,RU,50.6789,156.125,44.22,71,11,15.14,few clouds,2022-10-16 04:20:05
110,Saint-Georges,GD,12.0564,-61.7485,80.28,89,20,10.36,few clouds,2022-10-16 04:16:15
111,Tocopilla,CL,-22.092,-70.1979,61.27,65,0,0.78,clear sky,2022-10-16 04:20:06
112,Bonthe,SL,7.5264,-12.505,73.76,94,100,5.03,overcast clouds,2022-10-16 04:20:07
113,Lebu,CL,-37.6167,-73.65,50.49,89,88,16.02,overcast clouds,2022-10-16 04:16:43
114,Boulder,US,40.0833,-105.3505,46.98,64,100,3.0,overcast clouds,2022-10-16 04:20:08
115,Castro,BR,-24.7911,-50.0119,57.22,96,100,10.98,overcast clouds,2022-10-16 04:20:08
116,Kavieng,PG,-2.5744,150.7967,84.31,71,58,8.14,broken clouds,2022-10-16 04:20:09
117,Saint George,US,37.1041,-113.5841,73.44,38,0,9.22,clear sky,2022-10-16 04:13:01
118,Longyearbyen,SJ,78.2186,15.6401,24.64,68,0,14.97,clear sky,2022-10-16 04:20:10
119,Yellowknife,CA,62.456,-114.3525,24.57,68,40,5.75,scattered clouds,2022-10-16 04:15:04
120,Qaanaaq,GL,77.484,-69.3632,32.2,74,100,27.92,light snow,2022-10-16 04:14:51
121,Cidreira,BR,-30.1811,-50.2056,63.66,89,100,19.13,light rain,2022-10-16 04:20:11
122,Mehamn,NO,71.0357,27.8492,46.35,87,20,12.66,light rain,2022-10-16 04:20:12
123,Ardalstangen,NO,61.2371,7.6983,34.27,94,86,6.44,overcast clouds,2022-10-16 04:20:12
124,Airai,TL,-8.9266,125.4092,77.54,49,96,4.47,overcast clouds,2022-10-16 04:20:13
125,Leningradskiy,RU,69.3833,178.4167,11.34,89,56,5.12,broken clouds,2022-10-16 04:16:17
126,Cabo San Lucas,MX,22.8909,-109.9124,77.5,71,2,5.01,clear sky,2022-10-16 04:10:11
127,Beeville,US,28.4008,-97.7483,75.29,94,0,4.61,clear sky,2022-10-16 04:19:19
128,Okha,RU,53.5739,142.9478,45.32,94,100,17.9,moderate rain,2022-10-16 04:20:14
129,Roald,NO,62.5833,6.1333,50.14,62,75,11.5,broken clouds,2022-10-16 04:20:15
130,Sembakung,ID,3.8167,117.25,91.94,56,96,0.51,overcast clouds,2022-10-16 04:20:15
131,Mount Gambier,AU,-37.8333,140.7667,61.88,52,32,8.23,scattered clouds,2022-10-16 04:17:17
132,San Carlos De Bariloche,AR,-41.1456,-71.3082,46.15,57,0,6.91,clear sky,2022-10-16 04:19:16
133,Santa Isabel Do Rio Negro,BR,-0.4139,-65.0192,72.9,99,100,2.24,overcast clouds,2022-10-16 04:20:16
134,Save,BJ,8.0425,2.486,71.78,95,78,1.99,broken clouds,2022-10-16 04:20:17
135,Itarema,BR,-2.9248,-39.9167,78.55,79,8,16.82,clear sky,2022-10-16 04:15:21
136,Bengkulu,ID,-3.8004,102.2655,82.54,68,68,5.41,broken clouds,2022-10-16 04:20:18
137,Praya,CV,14.9215,-23.5087,75.74,78,40,6.91,scattered clouds,2022-10-16 04:20:19
138,Quelimane,MZ,-17.8786,36.8883,71.55,100,0,3.44,clear sky,2022-10-16 04:20:19
139,Kurtamysh,RU,54.9103,64.4319,42.73,82,90,9.04,overcast clouds,2022-10-16 04:20:20
140,Canutama,BR,-6.5339,-64.3831,73.17,98,100,2.48,overcast clouds,2022-10-16 04:21:21
141,Baldone,LV,56.7428,24.3944,53.71,86,100,9.69,overcast clouds,2022-10-16 04:21:21
142,Araouane,ML,18.9048,-3.5265,86.68,15,72,5.64,broken clouds,2022-10-16 04:21:22
143,Meulaboh,ID,4.1363,96.1285,76.42,86,100,3.85,light rain,2022-10-16 04:13:38
144,Jalu,LY,29.0331,21.5482,65.17,72,0,8.41,clear sky,2022-10-16 04:21:23
145,Husavik,IS,66.0449,-17.3389,35.73,98,100,33.08,overcast clouds,2022-10-16 04:21:23
146,Carballo,ES,43.213,-8.691,64.09,95,100,9.1,overcast clouds,2022-10-16 04:21:24
147,La Paz,BO,-16.5,-68.15,42.78,93,75,5.75,fog,2022-10-16 04:21:01
148,Karasjok,NO,69.4719,25.5112,44.17,89,100,16.26,overcast clouds,2022-10-16 04:21:25
149,Kjollefjord,NO,70.9457,27.3465,46.45,87,20,12.66,light rain,2022-10-16 04:21:25
150,Skelleftea,SE,64.7507,20.9528,36.0,100,66,2.3,broken clouds,2022-10-16 04:21:25
151,Camopi,GF,3.1655,-52.3158,70.65,100,36,1.48,scattered clouds,2022-10-16 04:21:26
152,Port-Gentil,GA,-0.7193,8.7815,77.11,83,100,4.83,light rain,2022-10-16 04:21:26
153,Wanning,CN,18.8003,110.3967,82.26,56,72,12.39,broken clouds,2022-10-16 04:21:27
154,Farah,AF,32.5,62.5,73.06,12,0,4.38,clear sky,2022-10-16 04:21:28
155,Geraldton,AU,-28.7667,114.6,70.21,43,67,12.66,broken clouds,2022-10-16 04:20:26
156,Iskandar,UZ,41.5539,69.7008,61.65,17,62,1.14,broken clouds,2022-10-16 04:21:29
157,Rincon,US,32.296,-81.2354,70.86,82,0,0.0,clear sky,2022-10-16 04:21:29
158,Bethel,US,41.3712,-73.414,59.49,87,0,3.44,clear sky,2022-10-16 04:21:30
159,Chokurdakh,RU,70.6333,147.9167,11.41,91,100,9.82,overcast clouds,2022-10-16 04:21:30
160,Zakamensk,RU,50.3741,103.2863,36.12,37,3,3.98,clear sky,2022-10-16 04:21:31
161,Manicore,BR,-5.8092,-61.3003,73.26,96,100,1.14,overcast clouds,2022-10-16 04:21:31
162,Port Hedland,AU,-20.3167,118.5667,91.45,18,44,17.27,scattered clouds,2022-10-16 04:21:32
163,Suzhou,CN,31.3114,120.6181,74.77,50,2,7.2,clear sky,2022-10-16 04:21:32
164,Port Elizabeth,ZA,-33.918,25.5701,64.09,97,100,13.8,light rain,2022-10-16 04:21:33
165,Cabras,IT,39.93,8.5314,64.27,74,94,5.7,overcast clouds,2022-10-16 04:21:34
166,Kanker,IN,20.2719,81.4931,80.56,77,20,2.86,few clouds,2022-10-16 04:21:34
167,Sladkovo,RU,55.5284,70.3385,46.08,75,88,6.53,overcast clouds,2022-10-16 04:21:34
168,Roswell,US,34.0232,-84.3616,64.54,82,0,0.0,clear sky,2022-10-16 04:19:50
169,Ancud,CL,-41.8697,-73.8203,46.53,93,69,2.46,broken clouds,2022-10-16 04:14:55
170,Ponta Delgada,PT,37.7333,-25.6667,65.5,72,20,9.22,light rain,2022-10-16 04:21:36
171,Deputatskiy,RU,69.3,139.9,13.93,93,100,3.56,overcast clouds,2022-10-16 04:21:36
172,Solntsevo,RU,51.4185,36.7499,28.74,80,6,4.36,clear sky,2022-10-16 04:21:36
173,Tuktoyaktuk,CA,69.4541,-133.0374,19.4,86,40,10.36,scattered clouds,2022-10-16 04:16:22
174,Komsomolskiy,UZ,40.4272,71.7189,66.92,32,37,2.3,scattered clouds,2022-10-16 04:21:37
175,Porto Belo,BR,-27.1578,-48.5531,66.15,94,100,7.96,overcast clouds,2022-10-16 04:21:38
176,Atzitzintla,MX,18.9,-97.3167,50.22,94,90,5.57,overcast clouds,2022-10-16 04:21:38
177,Sungairaya,ID,0.7,108.9,87.33,63,99,5.99,overcast clouds,2022-10-16 04:21:39
178,Marystown,CA,47.1666,-55.1483,52.5,90,100,10.0,overcast clouds,2022-10-16 04:21:39
179,Launceston,AU,-41.45,147.1667,60.44,38,40,10.36,scattered clouds,2022-10-16 04:21:40
180,Kaitangata,NZ,-46.2817,169.8464,53.98,91,87,4.09,overcast clouds,2022-10-16 04:16:16
181,Kryva,UA,48.1723,23.2365,48.69,91,3,3.71,clear sky,2022-10-16 04:21:41
182,Beringovskiy,RU,63.05,179.3167,28.08,68,100,17.87,overcast clouds,2022-10-16 04:21:41
183,Pitsunda,GE,43.1592,40.3378,57.38,61,75,3.76,broken clouds,2022-10-16 04:21:42
184,Nizhniy Odes,RU,63.6445,54.856,38.43,96,100,3.65,overcast clouds,2022-10-16 04:21:42
185,Klaksvik,FO,62.2266,-6.589,47.32,90,100,24.65,light rain,2022-10-16 04:22:43
186,Adrar,MR,20.5022,-10.0711,84.34,23,42,8.3,scattered clouds,2022-10-16 04:22:43
187,Sorong,ID,-0.8833,131.25,84.07,69,23,3.58,few clouds,2022-10-16 04:22:44
188,Norman Wells,CA,65.282,-126.8329,28.44,69,100,19.57,light snow,2022-10-16 04:16:34
189,Tiarei,PF,-17.5333,-149.3333,80.62,75,23,16.49,few clouds,2022-10-16 04:22:45
190,Nikolskoye,RU,59.7035,30.7861,48.09,86,98,9.24,overcast clouds,2022-10-16 04:22:45
191,Tuatapere,NZ,-46.1333,167.6833,58.24,70,29,4.43,scattered clouds,2022-10-16 04:22:46
192,La Ronge,CA,55.1001,-105.2842,30.45,59,0,6.91,clear sky,2022-10-16 04:22:46
193,Pevek,RU,69.7008,170.3133,16.59,94,98,2.26,overcast clouds,2022-10-16 04:22:47
194,Boende,CD,-0.2167,20.8667,69.26,90,99,1.86,overcast clouds,2022-10-16 04:22:47
195,Kuching,MY,1.55,110.3333,88.02,74,40,3.44,scattered clouds,2022-10-16 04:22:48
196,Bulungu,CD,-4.55,18.6,69.28,99,100,2.28,moderate rain,2022-10-16 04:22:48
197,Khuzdar,PK,27.7384,66.6434,72.27,10,0,3.51,clear sky,2022-10-16 04:22:49
198,Ponta Do Sol,PT,32.6667,-17.1,69.71,76,28,3.04,scattered clouds,2022-10-16 04:22:49
199,Pisco,PE,-13.7,-76.2167,59.05,88,6,11.5,clear sky,2022-10-16 04:22:50
200,Bambous Virieux,MU,-20.3428,57.7575,73.65,73,40,11.5,scattered clouds,2022-10-16 04:15:08
201,La Romana,DO,18.4273,-68.9728,75.52,89,41,5.97,scattered clouds,2022-10-16 04:22:51
202,Broome,US,42.2506,-75.833,48.16,85,0,8.05,clear sky,2022-10-16 04:16:16
203,Llanes,ES,43.4198,-4.7549,67.89,80,91,4.72,overcast clouds,2022-10-16 04:22:52
204,Saint-Philippe,RE,-21.3585,55.7679,74.79,66,31,10.36,scattered clouds,2022-10-16 04:22:52
205,Tasiilaq,GL,65.6145,-37.6368,30.36,60,7,8.46,clear sky,2022-10-16 04:16:28
206,Sangmelima,CM,2.9333,11.9833,67.06,100,100,0.76,moderate rain,2022-10-16 04:22:53
207,Chuy,UY,-33.6971,-53.4616,57.0,93,100,13.49,overcast clouds,2022-10-16 04:22:53
208,Hofn,IS,64.2539,-15.2082,40.01,60,34,21.43,scattered clouds,2022-10-16 04:22:54
209,Sept-Iles,CA,50.2001,-66.3821,48.72,99,100,14.97,mist,2022-10-16 04:22:54
210,Neiafu,TO,-18.65,-173.9833,83.08,78,20,9.22,few clouds,2022-10-16 04:22:55
211,Nioro,GM,13.35,-15.75,74.21,92,42,3.13,light rain,2022-10-16 04:22:56
212,Lincoln,US,40.8,-96.667,57.34,64,0,5.75,clear sky,2022-10-16 04:20:39
213,Urucara,BR,-2.5364,-57.76,72.91,96,97,2.84,overcast clouds,2022-10-16 04:22:57
214,Iqaluit,CA,63.7506,-68.5145,33.53,100,100,0.0,light intensity drizzle,2022-10-16 04:22:57
215,Vassouras,BR,-22.4039,-43.6625,64.26,89,99,1.28,overcast clouds,2022-10-16 04:22:58
216,Aykhal,RU,66.0,111.5,26.67,88,97,4.43,overcast clouds,2022-10-16 04:22:58
217,Robertsport,LR,6.7533,-11.3686,74.84,90,100,5.86,light rain,2022-10-16 04:22:59
218,Marawi,PH,7.9986,124.2928,83.28,59,71,5.99,broken clouds,2022-10-16 04:22:59
219,Bundaberg,AU,-24.85,152.35,76.21,62,88,5.01,overcast clouds,2022-10-16 04:23:00
220,Aripuana,BR,-9.1667,-60.6333,71.1,99,90,1.72,overcast clouds,2022-10-16 04:23:00
221,Privas,FR,44.5833,4.5,58.51,94,25,2.24,scattered clouds,2022-10-16 04:23:01
222,Vao,NC,-22.6667,167.4833,69.55,60,3,6.93,clear sky,2022-10-16 04:23:01
223,Raudeberg,NO,61.9875,5.1352,48.87,66,99,14.74,overcast clouds,2022-10-16 04:23:02
224,Sao Joao Da Barra,BR,-21.6403,-41.0511,70.03,80,44,7.27,scattered clouds,2022-10-16 04:23:02
225,Chato,TZ,-2.6378,31.7669,68.29,84,100,3.06,light rain,2022-10-16 04:23:03
226,Portland,US,45.5234,-122.6762,78.75,38,0,11.99,clear sky,2022-10-16 04:18:47
227,Erzurum,TR,40.0,41.5,44.28,83,82,3.33,broken clouds,2022-10-16 04:23:04
228,Nisia Floresta,BR,-6.0911,-35.2086,72.41,92,67,9.24,broken clouds,2022-10-16 04:23:05
229,Orbetello,IT,42.4408,11.2196,55.42,80,50,6.04,scattered clouds,2022-10-16 04:23:05
230,Taltal,CL,-25.4,-70.4833,57.88,83,12,1.21,few clouds,2022-10-16 04:20:20
231,Juneau,US,58.3019,-134.4197,57.11,100,75,0.0,fog,2022-10-16 04:23:13
232,Dakar,SN,14.6937,-17.4441,77.88,75,0,11.16,clear sky,2022-10-16 04:24:07
233,Katsuura,JP,35.1333,140.3,75.22,67,17,10.74,few clouds,2022-10-16 04:24:07
234,Kibala,TD,9.1104,18.3463,71.55,93,100,4.0,overcast clouds,2022-10-16 04:24:08
235,Marquette,US,46.5333,-87.6335,38.34,87,100,8.99,overcast clouds,2022-10-16 04:24:08
236,Houma,US,29.5958,-90.7195,66.99,95,0,3.44,clear sky,2022-10-16 04:24:09
237,Kashi,CN,39.4547,75.9797,63.61,23,0,6.71,clear sky,2022-10-16 04:24:09
238,Gladstone,AU,-23.85,151.25,76.78,69,100,13.8,overcast clouds,2022-10-16 04:24:10
239,Kamenka,RU,51.3223,42.7678,36.1,76,42,2.95,scattered clouds,2022-10-16 04:24:10
240,North Branch,US,45.5113,-92.9802,48.34,76,100,7.0,overcast clouds,2022-10-16 04:24:11
241,Necochea,AR,-38.5473,-58.7368,46.02,85,0,10.36,clear sky,2022-10-16 04:24:11
242,Conceicao Do Araguaia,BR,-8.2578,-49.2647,74.23,73,52,4.52,broken clouds,2022-10-16 04:24:12
243,Kapit,MY,2.0167,112.9333,93.11,50,75,1.97,broken clouds,2022-10-16 04:24:12
244,Bilokurakyne,UA,49.5341,38.7307,36.88,75,56,6.38,broken clouds,2022-10-16 04:24:13
245,Wanaka,NZ,-44.7,169.15,56.57,67,100,5.97,overcast clouds,2022-10-16 04:22:00
246,Pangnirtung,CA,66.1451,-65.7125,37.67,94,100,3.51,overcast clouds,2022-10-16 04:24:13
247,Fairbanks,US,64.8378,-147.7164,32.09,79,0,5.75,clear sky,2022-10-16 04:20:02
248,Puri,IN,19.8,85.85,86.52,72,5,7.63,clear sky,2022-10-16 04:22:16
249,Kodiak,US,57.79,-152.4072,49.51,81,100,9.22,overcast clouds,2022-10-16 04:24:15
250,San Juan,AR,-31.5375,-68.5364,62.94,21,0,3.67,clear sky,2022-10-16 04:24:15
251,Fortuna,US,40.5982,-124.1573,57.54,90,100,0.0,overcast clouds,2022-10-16 04:24:16
252,Acapulco,MX,16.8634,-99.8901,82.22,78,75,2.3,broken clouds,2022-10-16 04:20:24
253,Vardo,NO,70.3705,31.1107,46.38,87,100,17.27,overcast clouds,2022-10-16 04:24:17
254,Sokolo,ML,14.7328,-6.1219,82.17,53,58,3.78,broken clouds,2022-10-16 04:24:18
255,Arman,RU,59.7,150.1667,32.02,46,36,2.68,scattered clouds,2022-10-16 04:24:18
256,Tolaga Bay,NZ,-38.3667,178.3,58.93,67,100,12.1,overcast clouds,2022-10-16 04:24:19
257,Merrill,US,45.1805,-89.6835,41.72,84,100,6.91,overcast clouds,2022-10-16 04:24:20
258,Ngunguru,NZ,-35.6167,174.5,64.13,56,6,12.77,clear sky,2022-10-16 04:24:20
259,Motygino,RU,58.1831,94.7592,37.71,55,72,6.49,broken clouds,2022-10-16 04:21:20
260,Humberto De Campos,BR,-2.5983,-43.4611,76.1,86,3,5.82,clear sky,2022-10-16 04:24:21
261,Northam,GB,51.0333,-4.2167,51.62,88,25,11.05,scattered clouds,2022-10-16 04:24:21
262,Marmarion,GR,38.0484,24.3204,63.52,78,100,25.19,overcast clouds,2022-10-16 04:24:22
263,Kerchevskiy,RU,59.946,56.2884,34.3,94,85,4.43,overcast clouds,2022-10-16 04:24:22
264,Shimanovsk,RU,52.0,127.7,42.85,50,80,6.04,light rain,2022-10-16 04:24:23
265,Talcahuano,CL,-36.7167,-73.1167,51.48,87,0,10.36,clear sky,2022-10-16 04:24:23
266,Richards Bay,ZA,-28.783,32.0377,67.32,74,77,3.0,broken clouds,2022-10-16 04:24:24
267,Clyde River,CA,70.4692,-68.5914,41.23,75,0,33.38,clear sky,2022-10-16 04:24:24
268,Wad Rawah,SD,15.1603,33.1397,82.81,38,7,4.88,clear sky,2022-10-16 04:24:25
269,Anadyr,RU,64.75,177.4833,25.3,79,40,11.18,scattered clouds,2022-10-16 04:24:25
270,Tabuk,PH,17.4189,121.4443,76.69,90,100,4.99,light rain,2022-10-16 04:24:26
271,Biak,ID,-0.9131,122.8766,84.16,69,68,4.85,broken clouds,2022-10-16 04:24:26
272,Torrington,US,41.8007,-73.1212,55.49,84,33,4.07,scattered clouds,2022-10-16 04:24:27
273,Septemvri,BG,42.2167,24.1,46.83,88,0,2.75,clear sky,2022-10-16 04:24:28
274,Coari,BR,-4.085,-63.1414,73.26,99,100,2.46,light rain,2022-10-16 04:24:29
275,Kitgum,UG,3.2783,32.8867,67.53,88,92,2.01,overcast clouds,2022-10-16 04:24:29
276,Constitucion,CL,-35.3333,-72.4167,54.79,69,36,7.81,scattered clouds,2022-10-16 04:24:30
277,Ulladulla,AU,-35.35,150.4667,63.45,72,88,11.77,overcast clouds,2022-10-16 04:25:30
278,Nuuk,GL,64.1835,-51.7216,38.01,52,78,6.91,broken clouds,2022-10-16 04:25:31
279,Ko Samui,TH,9.5357,99.9357,84.11,74,40,8.05,scattered clouds,2022-10-16 04:25:31
280,Yulara,AU,-25.2406,130.9889,93.04,24,0,11.5,haze,2022-10-16 04:25:32
281,Menongue,AO,-14.6585,17.691,63.12,75,89,3.74,overcast clouds,2022-10-16 04:25:32
282,Vuktyl,RU,63.8567,57.3094,35.62,93,100,2.8,light rain,2022-10-16 04:25:33
283,Powell River,CA,49.8496,-124.5361,61.09,62,40,1.59,scattered clouds,2022-10-16 04:25:33
284,Moranbah,AU,-22.0016,148.0466,91.2,32,17,1.07,few clouds,2022-10-16 04:25:34
285,Touros,BR,-5.1989,-35.4608,75.72,84,69,15.95,broken clouds,2022-10-16 04:25:35
286,Maniitsoq,GL,65.4167,-52.9,34.56,60,99,10.54,overcast clouds,2022-10-16 04:25:35
287,Mariental,NA,-24.6333,17.9667,68.63,54,93,10.04,overcast clouds,2022-10-16 04:25:36
288,Khatanga,RU,71.9667,102.5,24.28,90,100,12.73,overcast clouds,2022-10-16 04:25:36
289,Skibbereen,IE,51.55,-9.2667,47.62,64,10,2.57,clear sky,2022-10-16 04:25:37
290,Cangzhou,CN,38.3167,116.8667,64.0,28,17,17.58,few clouds,2022-10-16 04:25:37
291,Cherskiy,RU,68.75,161.3,12.85,95,100,8.12,overcast clouds,2022-10-16 04:25:38
292,Pochutla,MX,15.7432,-96.4661,77.83,93,97,3.62,overcast clouds,2022-10-16 04:25:38
293,Tawang,IN,27.5833,91.8667,62.44,23,0,6.04,clear sky,2022-10-16 04:25:39
294,Kenai,US,60.5544,-151.2583,40.14,80,0,9.22,clear sky,2022-10-16 04:25:39
295,Meiganga,CM,6.5167,14.3,65.3,95,100,1.92,overcast clouds,2022-10-16 04:25:40
296,Byron Bay,AU,-28.65,153.6167,70.95,72,42,8.57,scattered clouds,2022-10-16 04:25:40
297,Crystal Beach,CA,42.8699,-79.0583,49.98,72,28,9.22,scattered clouds,2022-10-16 04:25:41
298,Saint-Augustin,CA,51.226,-58.6502,48.09,84,100,2.37,overcast clouds,2022-10-16 04:25:41
299,Mamallapuram,IN,12.6264,80.1722,87.85,69,12,4.07,few clouds,2022-10-16 04:25:42
300,Puerto Ayacucho,VE,5.6639,-67.6236,75.83,91,92,2.64,overcast clouds,2022-10-16 04:25:42
301,Broken Hill,AU,-31.95,141.4333,72.32,30,36,6.58,scattered clouds,2022-10-16 04:25:43
302,Puerto Narino,CO,-3.7703,-70.3831,72.03,99,100,2.66,overcast clouds,2022-10-16 04:25:43
303,Hamilton,US,39.1834,-84.5333,49.75,68,0,0.0,clear sky,2022-10-16 04:25:44
304,Erzin,TR,36.9559,36.2,66.25,55,86,6.26,overcast clouds,2022-10-16 04:25:44
305,Lingao,CN,19.9103,109.6859,79.83,49,76,13.27,broken clouds,2022-10-16 04:25:45
306,Ukiah,US,39.1502,-123.2078,60.44,86,0,5.75,clear sky,2022-10-16 04:25:46
307,Dingle,PH,10.9995,122.6711,82.02,79,100,11.81,overcast clouds,2022-10-16 04:25:46
308,Souillac,MU,-20.5167,57.5167,73.78,73,40,11.5,scattered clouds,2022-10-16 04:25:47
309,Alyangula,AU,-13.8483,136.4192,87.58,56,92,9.33,overcast clouds,2022-10-16 04:25:47
310,Georgetown,MY,5.4112,100.3354,78.73,94,40,4.61,scattered clouds,2022-10-16 04:24:43
311,Semnan,IR,35.5729,53.3971,71.44,17,0,4.61,clear sky,2022-10-16 04:25:48
312,Binika,IN,21.0333,83.8,81.95,78,9,5.12,clear sky,2022-10-16 04:25:48
313,Maicao,CO,11.3832,-72.2432,77.43,88,73,6.82,broken clouds,2022-10-16 04:25:49
314,Vaitape,PF,-16.5167,-151.75,79.0,75,52,17.05,light rain,2022-10-16 04:25:49
315,Codajas,BR,-3.8367,-62.0569,72.61,96,100,1.59,overcast clouds,2022-10-16 04:25:50
316,San Angelo,US,31.4638,-100.437,80.82,54,0,8.01,clear sky,2022-10-16 04:23:52
317,Saint Anthony,US,45.0205,-93.218,49.15,65,100,12.66,overcast clouds,2022-10-16 04:25:51
318,Canyon,US,34.9803,-101.9188,65.68,49,42,6.85,scattered clouds,2022-10-16 04:25:51
319,Ossora,RU,59.2353,163.0719,37.42,59,75,3.42,broken clouds,2022-10-16 04:25:52
320,Waipawa,NZ,-41.4122,175.5153,54.12,63,90,6.42,overcast clouds,2022-10-16 04:25:52
321,Panguna,PG,-6.3164,155.4848,75.69,85,84,1.25,moderate rain,2022-10-16 04:25:53
322,Bongandanga,CD,1.5,21.05,67.14,99,98,2.48,overcast clouds,2022-10-16 04:22:21
323,Hambantota,LK,6.1241,81.1185,84.13,68,77,15.55,broken clouds,2022-10-16 04:25:54
324,Sault Sainte Marie,CA,46.5168,-84.3333,40.82,85,100,11.5,overcast clouds,2022-10-16 04:25:55
325,Barra Dos Coqueiros,BR,-10.9089,-37.0386,77.02,69,20,10.36,few clouds,2022-10-16 04:26:56
326,Laguna,US,38.421,-121.4238,63.45,81,0,12.66,clear sky,2022-10-16 04:26:56
327,Berlevag,NO,70.8578,29.0864,46.4,81,100,12.66,overcast clouds,2022-10-16 04:26:57
328,Limbdi,IN,22.5667,71.8,85.3,34,68,6.42,broken clouds,2022-10-16 04:26:58
329,Bubaque,GW,11.2833,-15.8333,82.15,74,85,8.61,overcast clouds,2022-10-16 04:26:58
330,Esperance,AU,-33.8667,121.9,72.43,51,74,5.26,broken clouds,2022-10-16 04:26:59
331,Tarauaca,BR,-8.1614,-70.7656,71.38,98,55,2.46,broken clouds,2022-10-16 04:26:59
332,Hammerfest,NO,70.6634,23.6821,46.85,81,100,4.61,overcast clouds,2022-10-16 04:26:59
333,Jiaonan,CN,35.8786,119.9753,70.75,55,72,8.81,broken clouds,2022-10-16 04:27:00
334,Dumas,US,35.8656,-101.9732,61.54,47,0,9.22,clear sky,2022-10-16 04:27:00
335,Estelle,US,29.8458,-90.1067,73.99,80,0,5.75,clear sky,2022-10-16 04:27:01
336,Palmer,US,42.1584,-72.3287,54.18,91,0,0.0,clear sky,2022-10-16 04:27:02
337,Mbouda,CM,5.6258,10.2552,59.59,93,100,1.66,overcast clouds,2022-10-16 04:27:02
338,Muheza,TZ,-5.1667,38.7833,72.72,76,100,2.71,overcast clouds,2022-10-16 04:27:03
339,Belyy Yar,RU,53.6039,91.3903,33.69,69,0,2.24,clear sky,2022-10-16 04:27:03
340,Antalaha,MG,-14.9003,50.2788,72.18,70,44,4.54,light rain,2022-10-16 04:27:04
341,Naryan-Mar,RU,67.6713,53.087,41.0,91,99,7.38,overcast clouds,2022-10-16 04:27:04
342,Asuncion Nochixtlan,MX,17.4667,-97.2333,55.56,98,97,5.06,overcast clouds,2022-10-16 04:27:05
343,Itoman,JP,26.1247,127.6694,87.82,68,75,20.71,broken clouds,2022-10-16 04:27:05
344,Goderich,CA,43.7501,-81.7165,50.92,57,89,17.27,overcast clouds,2022-10-16 04:27:06
345,Singaraja,ID,-8.112,115.0882,85.08,72,99,2.21,overcast clouds,2022-10-16 04:27:06
346,Deniliquin,AU,-35.5333,144.9667,66.74,45,52,8.84,broken clouds,2022-10-16 04:27:07
347,Cowra,AU,-33.8333,148.6833,62.26,62,100,8.41,overcast clouds,2022-10-16 04:27:08
348,Dunedin,NZ,-45.8742,170.5036,52.84,84,84,3.91,broken clouds,2022-10-16 04:27:08
349,Windsor,CA,42.3001,-83.0165,50.11,68,0,9.22,clear sky,2022-10-16 04:25:01
350,Verkh-Usugli,RU,52.7,115.1667,37.87,30,7,8.28,clear sky,2022-10-16 04:27:09
351,Coldingham,GB,55.8868,-2.157,44.58,77,64,25.5,broken clouds,2022-10-16 04:27:10
352,Camana,PE,-16.6228,-72.7111,62.1,79,6,6.62,clear sky,2022-10-16 04:27:10
353,Maningrida,AU,-12.0667,134.2667,90.63,52,71,13.15,broken clouds,2022-10-16 04:27:11
354,Urusha,RU,54.05,122.9,33.15,69,94,11.74,overcast clouds,2022-10-16 04:27:11
355,Galesong,ID,-5.3166,119.3661,86.02,66,99,0.51,overcast clouds,2022-10-16 04:27:12
356,Mantua,IT,45.1667,10.7833,63.64,84,100,1.99,overcast clouds,2022-10-16 04:23:14
357,Mount Hagen,PG,-5.8581,144.2274,79.56,41,20,11.5,haze,2022-10-16 04:27:13
358,Haines Junction,CA,60.7522,-137.5108,49.95,66,95,11.5,overcast clouds,2022-10-16 04:27:13
359,Strelka,RU,58.0728,93.0344,37.09,61,80,8.86,broken clouds,2022-10-16 04:27:14
360,Sur,OM,22.5667,59.5289,84.51,27,16,4.59,few clouds,2022-10-16 04:27:15
361,Mutis,CO,6.2262,-77.4044,77.13,90,100,6.11,moderate rain,2022-10-16 04:27:15
362,Maceio,BR,-9.6658,-35.7353,72.84,88,40,2.3,scattered clouds,2022-10-16 04:27:16
363,Talnakh,RU,69.4865,88.3972,31.21,92,100,9.48,light snow,2022-10-16 04:27:16
364,Santiago Del Estero,AR,-27.7951,-64.2615,58.37,70,0,7.74,clear sky,2022-10-16 04:27:17
365,Agua Verde,MX,22.9,-106.05,77.09,80,2,6.64,clear sky,2022-10-16 04:27:17
366,General Roca,AR,-39.0333,-67.5833,59.63,34,16,11.05,few clouds,2022-10-16 04:27:18
367,Barbastro,ES,42.0356,0.1269,64.94,63,22,3.83,few clouds,2022-10-16 04:27:18
368,Tiksi,RU,71.6872,128.8694,23.0,83,100,22.17,overcast clouds,2022-10-16 04:27:19
369,Lumphat,KH,13.4878,106.9816,82.9,71,100,3.06,overcast clouds,2022-10-16 04:27:19
370,Bud,US,39.447,-86.1758,47.14,81,58,5.64,broken clouds,2022-10-16 04:27:20
371,Rancho Palos Verdes,US,33.7445,-118.387,68.07,87,35,5.99,scattered clouds,2022-10-16 04:28:21
372,Sitka,US,57.0531,-135.33,57.09,88,75,5.75,broken clouds,2022-10-16 04:28:22
373,Champerico,GT,14.3,-91.9167,79.0,86,100,4.9,overcast clouds,2022-10-16 04:28:22
374,Elizabeth City,US,36.2946,-76.2511,63.01,79,0,11.5,clear sky,2022-10-16 04:28:23
375,Isetskoye,RU,56.4858,65.3226,44.44,78,99,5.66,overcast clouds,2022-10-16 04:28:24
376,Dubendorf,CH,47.3972,8.6187,58.48,91,40,3.0,mist,2022-10-16 04:28:05
377,Bani,DO,18.2833,-70.3333,76.44,82,34,5.57,scattered clouds,2022-10-16 04:28:25
378,Half Moon Bay,US,37.4636,-122.4286,63.45,86,100,8.05,mist,2022-10-16 04:28:25
379,Korla,CN,41.7597,86.1469,63.0,20,7,3.71,clear sky,2022-10-16 04:28:26
380,North Platte,US,41.1239,-100.7654,53.49,67,0,8.05,clear sky,2022-10-16 04:26:37
381,Vila Velha,BR,-20.3297,-40.2925,69.94,88,40,5.75,scattered clouds,2022-10-16 04:28:27
382,Keti Bandar,PK,24.1447,67.4497,85.08,50,79,13.35,broken clouds,2022-10-16 04:28:27
383,Kudahuvadhoo,MV,2.6708,72.8944,80.26,79,96,17.78,light rain,2022-10-16 04:28:28
384,Vyartsilya,RU,62.1764,30.693,49.6,100,95,9.1,overcast clouds,2022-10-16 04:28:29
385,Grindavik,IS,63.8424,-22.4338,36.07,75,75,32.21,broken clouds,2022-10-16 04:28:29
386,Sigli,ID,5.3848,95.9609,81.97,69,100,8.21,overcast clouds,2022-10-16 04:28:30
387,Palu,ID,-0.8917,119.8707,87.75,71,89,3.65,heavy intensity rain,2022-10-16 04:28:30
388,Jaque,PA,7.5175,-78.1703,76.66,92,98,3.38,light rain,2022-10-16 04:28:31
389,Acarau,BR,-2.8856,-40.12,78.64,80,8,17.09,clear sky,2022-10-16 04:28:31
390,Ilheus,BR,-14.7889,-39.0494,70.43,91,53,7.18,broken clouds,2022-10-16 04:28:32
391,Leshukonskoye,RU,64.8989,45.7622,41.25,97,100,4.5,overcast clouds,2022-10-16 04:28:32
392,Maridi,SS,4.9158,29.4742,68.9,89,100,1.5,light rain,2022-10-16 04:28:33
393,Xichang,CN,27.8964,102.2634,58.06,68,100,3.04,overcast clouds,2022-10-16 04:28:33
394,Cuamba,MZ,-14.8031,36.5372,70.72,56,20,6.15,few clouds,2022-10-16 04:28:34
395,Lavrentiya,RU,65.5833,-171.0,30.38,81,99,19.24,overcast clouds,2022-10-16 04:28:34
396,Soe,ID,-9.8607,124.284,87.26,38,91,11.43,overcast clouds,2022-10-16 04:28:35
397,Vytegra,RU,61.0064,36.4481,46.18,87,100,7.92,overcast clouds,2022-10-16 04:28:35
398,Filiatra,GR,37.15,21.5833,65.55,64,0,6.55,clear sky,2022-10-16 04:28:36
399,Umarkot,PK,25.3616,69.7362,87.91,18,34,2.91,scattered clouds,2022-10-16 04:28:36
400,Umea,SE,63.8284,20.2597,30.13,100,0,3.44,light snow,2022-10-16 04:28:37
401,Hearst,CA,49.6835,-83.6665,34.05,98,100,8.16,snow,2022-10-16 04:28:37
402,Asenovgrad,BG,42.0167,24.8667,45.88,93,75,0.0,broken clouds,2022-10-16 04:28:38
403,Kem,RU,64.9555,34.5793,47.08,83,100,12.33,overcast clouds,2022-10-16 04:28:39
404,Ust-Karsk,RU,52.7011,118.8077,38.48,50,81,10.45,broken clouds,2022-10-16 04:28:39
405,Zhezkazgan,KZ,47.8043,67.7144,51.78,46,40,2.24,moderate rain,2022-10-16 04:28:40
406,Coihaique,CL,-45.5752,-72.0662,48.81,87,0,4.61,clear sky,2022-10-16 04:28:40
407,Batu Arang,MY,3.3167,101.4667,85.55,85,100,2.44,overcast clouds,2022-10-16 04:28:41
408,Rosario Do Sul,BR,-30.2583,-54.9142,59.47,87,97,6.38,overcast clouds,2022-10-16 04:28:41
409,Sisimiut,GL,66.9395,-53.6735,33.19,59,100,16.53,overcast clouds,2022-10-16 04:28:42
410,Kargasok,RU,59.0556,80.8572,37.02,61,100,5.32,overcast clouds,2022-10-16 04:28:42
411,Paamiut,GL,61.994,-49.6678,37.18,65,3,8.12,clear sky,2022-10-16 04:28:43
412,Tazmalt,DZ,36.3868,4.3989,71.08,52,67,4.65,broken clouds,2022-10-16 04:28:43
413,Noumea,NC,-22.2763,166.4572,78.78,61,5,14.25,clear sky,2022-10-16 04:23:52
414,Kloulklubed,PW,7.0419,134.2556,84.7,69,90,2.39,overcast clouds,2022-10-16 04:28:44
415,Havelock,US,34.8791,-76.9013,71.58,81,0,6.91,clear sky,2022-10-16 04:28:45
416,Bambamarca,PE,-6.6833,-78.5333,51.8,95,100,3.33,overcast clouds,2022-10-16 04:28:45
417,Kanel,SN,15.4916,-13.1763,86.18,41,54,8.1,broken clouds,2022-10-16 04:28:46
418,Sola,VU,-13.8833,167.55,77.67,83,40,0.0,scattered clouds,2022-10-16 04:28:46
419,Vanimo,PG,-2.6741,141.3028,86.67,62,8,8.93,clear sky,2022-10-16 04:29:47
420,Capao Bonito,BR,-24.0058,-48.3494,61.0,98,100,6.33,overcast clouds,2022-10-16 04:29:48
421,Antofagasta,CL,-23.65,-70.4,56.48,70,29,3.24,scattered clouds,2022-10-16 04:29:48
422,Gaurnadi,BD,22.9667,90.2333,83.71,60,4,11.14,clear sky,2022-10-16 04:27:46
423,Channel-Port Aux Basques,CA,47.5702,-59.1367,52.59,93,100,19.17,overcast clouds,2022-10-16 04:29:50
424,Fort Saint James,CA,54.4333,-124.25,52.56,73,96,2.77,overcast clouds,2022-10-16 04:29:51
425,Kiunga,PG,-6.1219,141.2906,92.77,52,87,3.69,overcast clouds,2022-10-16 04:29:51
426,Port Keats,AU,-14.25,129.55,91.6,55,82,12.1,broken clouds,2022-10-16 04:29:52
427,Parbhani,IN,19.2667,76.7833,72.23,90,100,9.42,overcast clouds,2022-10-16 04:29:52
428,Houston,US,29.7633,-95.3633,77.13,82,75,12.66,broken clouds,2022-10-16 04:25:54
429,Christchurch,NZ,-43.5333,172.6333,63.48,62,0,12.66,clear sky,2022-10-16 04:25:51
430,Coquimbo,CL,-29.9533,-71.3436,53.33,93,100,3.44,overcast clouds,2022-10-16 04:29:53
431,Baykit,RU,61.67,96.37,33.01,74,100,2.89,overcast clouds,2022-10-16 04:29:54
432,La Colorada,PA,8.0167,-80.9833,76.64,97,100,5.53,overcast clouds,2022-10-16 04:29:55
433,Jalcocotan,MX,21.4667,-105.1167,74.48,93,97,3.18,overcast clouds,2022-10-16 04:29:55
434,Bonavista,CA,48.6499,-53.1147,51.75,76,100,6.38,overcast clouds,2022-10-16 04:29:56
435,Lamu,KE,-2.2717,40.902,75.42,85,32,8.1,light rain,2022-10-16 04:29:56
436,Puerto Carreno,CO,6.189,-67.4859,76.91,88,94,3.18,overcast clouds,2022-10-16 04:29:57
437,Bathsheba,BB,13.2167,-59.5167,81.21,83,40,13.8,scattered clouds,2022-10-16 04:29:57
438,Bose,IT,45.4612,8.0137,59.76,83,99,1.72,overcast clouds,2022-10-16 04:29:58
439,Oshnaviyeh,IR,37.0397,45.0983,58.44,35,3,5.32,clear sky,2022-10-16 04:29:58
440,Taungdwingyi,MM,20.0167,95.55,86.65,70,31,1.05,scattered clouds,2022-10-16 04:29:59
441,Ouargaye,BF,11.5033,0.0572,74.21,85,89,6.67,overcast clouds,2022-10-16 04:29:59
442,Peristasis,GR,40.2742,22.5411,58.21,79,2,4.5,clear sky,2022-10-16 04:30:00
443,Les Herbiers,FR,46.8667,-1.0167,56.91,96,98,4.65,overcast clouds,2022-10-16 04:30:00
444,Bima,ID,-8.4667,118.7167,90.03,58,97,5.64,overcast clouds,2022-10-16 04:30:01
445,Williams Lake,CA,52.1415,-122.1445,56.77,73,0,6.91,clear sky,2022-10-16 04:26:45
446,Kousseri,CM,12.0769,15.0306,69.76,83,100,3.44,overcast clouds,2022-10-16 04:30:02
447,Kysyl-Syr,RU,63.8986,122.7617,30.25,85,100,6.62,overcast clouds,2022-10-16 04:30:02
448,Methoni,GR,36.8197,21.7049,66.06,62,0,5.39,clear sky,2022-10-16 04:30:04
449,Athens,GR,37.9795,23.7162,64.17,73,20,9.22,few clouds,2022-10-16 04:27:38
450,Dongli,CN,23.5656,116.8194,85.98,48,40,13.42,scattered clouds,2022-10-16 04:30:04
451,Riosucio,CO,5.4216,-75.7032,59.02,99,99,0.45,light rain,2022-10-16 04:30:05
452,Daru,PG,-9.0763,143.2092,83.79,78,82,13.29,broken clouds,2022-10-16 04:30:06
453,Khor,RU,47.8861,134.9464,53.74,42,89,13.69,overcast clouds,2022-10-16 04:30:06
454,Grand Gaube,MU,-20.0064,57.6608,73.8,76,100,1.99,overcast clouds,2022-10-16 04:30:07
455,Qandala,SO,11.472,49.8728,83.1,63,0,5.84,clear sky,2022-10-16 04:30:07
456,Mizan Teferi,ET,6.9833,35.5833,65.97,86,43,1.59,scattered clouds,2022-10-16 04:30:08
457,Port Macquarie,AU,-31.4333,152.9167,70.9,62,62,10.78,broken clouds,2022-10-16 04:30:08
458,Victor Harbor,AU,-35.5667,138.6167,69.67,74,28,1.01,scattered clouds,2022-10-16 04:30:09
459,Zhigansk,RU,66.7697,123.3711,24.3,93,99,11.34,light snow,2022-10-16 04:30:09
460,Havre De Grace,US,39.5493,-76.0916,57.0,94,4,6.13,clear sky,2022-10-16 04:30:10
461,Gobabis,NA,-22.45,18.9667,64.4,66,100,9.1,overcast clouds,2022-10-16 04:30:11
462,Tautira,PF,-17.7333,-149.15,76.78,75,57,14.61,broken clouds,2022-10-16 04:30:11
463,Hobyo,SO,5.3505,48.5268,79.61,76,20,13.22,few clouds,2022-10-16 04:30:12
464,Amga,RU,60.8953,131.9608,26.71,81,99,6.29,overcast clouds,2022-10-16 04:30:12
465,Karaton,ID,-6.3424,106.1045,84.09,72,100,0.87,overcast clouds,2022-10-16 04:30:13
466,Quatre Cocos,MU,-20.2078,57.7625,73.51,71,100,11.95,overcast clouds,2022-10-16 04:30:14
467,Valparaiso,CL,-33.0393,-71.6273,53.24,93,100,3.44,overcast clouds,2022-10-16 04:30:15
468,Hampton,US,37.0299,-76.3452,65.01,69,0,11.5,clear sky,2022-10-16 04:29:45
469,Imbituba,BR,-28.24,-48.6703,67.86,95,100,10.4,overcast clouds,2022-10-16 04:27:19
470,Bestobe,KZ,52.4994,73.0975,53.06,44,98,9.35,overcast clouds,2022-10-16 04:31:16
471,Kirakira,SB,-10.4544,161.9205,81.75,81,100,3.98,overcast clouds,2022-10-16 04:31:17
472,Huaiyin,CN,33.5886,119.0192,67.6,56,75,8.08,broken clouds,2022-10-16 04:31:17
473,Kuala Kedah,MY,6.1,100.3,77.0,88,40,1.14,light rain,2022-10-16 04:31:19
474,Tornio,FI,65.8481,24.1466,46.42,90,67,11.14,broken clouds,2022-10-16 04:31:20
475,Kachug,RU,53.9606,105.8817,36.01,53,33,0.83,scattered clouds,2022-10-16 04:31:22
476,Prince George,CA,53.9166,-122.753,56.62,87,0,3.0,clear sky,2022-10-16 04:29:06
477,Calvinia,ZA,-31.4707,19.776,65.25,56,100,10.36,overcast clouds,2022-10-16 04:31:23
478,Kahului,US,20.8947,-156.47,80.62,71,20,13.8,few clouds,2022-10-16 04:31:24
479,Dawlatabad,AF,36.4141,64.9053,77.77,11,0,1.5,clear sky,2022-10-16 04:31:26
480,Druskininkai,LT,54.0167,23.9667,52.25,82,95,10.2,overcast clouds,2022-10-16 04:31:27
481,Uzunovo,RU,54.5386,38.6173,38.64,80,20,6.31,few clouds,2022-10-16 04:31:28
482,Chalon-Sur-Saone,FR,46.7833,4.85,61.99,85,100,4.03,overcast clouds,2022-10-16 04:31:29
483,Port Lincoln,AU,-34.7333,135.8667,61.41,60,1,9.13,clear sky,2022-10-16 04:30:53
484,Yumen,CN,40.2833,97.2,59.72,17,0,5.35,clear sky,2022-10-16 04:31:30
485,Ahlat,TR,38.7518,42.4814,55.78,63,77,0.43,broken clouds,2022-10-16 04:31:30
486,Vestmanna,FO,62.1564,-7.1664,45.52,87,100,19.57,light rain,2022-10-16 04:31:31
487,Hailar,CN,49.2,119.7,38.71,44,98,15.9,overcast clouds,2022-10-16 04:31:31
488,Batagay-Alyta,RU,67.8006,130.4114,22.8,79,100,3.76,overcast clouds,2022-10-16 04:31:32
489,Port Moresby,PG,-9.4431,147.1797,92.62,59,40,10.36,haze,2022-10-16 04:30:38
490,Seymchan,RU,62.8833,152.4333,11.7,92,89,2.17,overcast clouds,2022-10-16 04:31:33
491,Durban,ZA,-29.8579,31.0292,67.01,88,100,1.01,overcast clouds,2022-10-16 04:28:53
492,Ketchikan,US,55.3422,-131.6461,57.67,100,40,4.61,fog,2022-10-16 04:31:33
493,Martapura,ID,-3.4167,114.85,82.49,78,20,4.61,light rain,2022-10-16 04:31:34
494,Pangody,RU,65.85,74.4859,37.62,82,94,5.08,overcast clouds,2022-10-16 04:31:34
495,Atambua,ID,-9.1061,124.8925,86.81,54,96,1.5,overcast clouds,2022-10-16 04:31:35
496,Abu Samrah,SY,35.3029,37.1841,67.53,62,50,7.47,scattered clouds,2022-10-16 04:31:36
497,Dangara,IN,29.6799,75.8931,84.22,35,0,2.59,clear sky,2022-10-16 04:31:36
498,Kieta,PG,-6.2167,155.6333,82.63,75,47,2.98,light rain,2022-10-16 04:31:37
499,Pascagoula,US,30.3658,-88.5561,67.41,94,0,0.0,clear sky,2022-10-16 04:31:37
500,Polyarnyy,RU,69.1989,33.4478,43.21,87,98,13.13,overcast clouds,2022-10-16 04:31:38
501,Axim,GH,4.8699,-2.2405,76.48,85,99,7.05,overcast clouds,2022-10-16 04:31:38
502,Gradsko,MK,41.5775,21.9428,51.57,75,0,1.12,clear sky,2022-10-16 04:31:39
503,Alofi,NU,-19.0595,-169.9187,80.49,74,4,9.22,clear sky,2022-10-16 04:31:40
504,Gravdal,NO,68.1214,13.5031,46.9,77,85,18.28,overcast clouds,2022-10-16 04:31:41
505,Linhares,BR,-19.3911,-40.0722,65.97,87,6,3.29,clear sky,2022-10-16 04:31:42
506,Saint-Louis,SN,16.3333,-15.0,80.13,53,3,10.76,clear sky,2022-10-16 04:31:42
507,Ranong,TH,9.9658,98.6348,85.93,79,75,4.16,broken clouds,2022-10-16 04:31:43
508,Warrington,GB,53.3925,-2.5802,50.11,83,36,10.36,scattered clouds,2022-10-16 04:31:43
509,Razole,IN,16.4833,81.8333,83.32,80,34,6.15,light rain,2022-10-16 04:31:44
510,Gisborne,NZ,-38.6533,178.0042,58.14,68,100,9.6,overcast clouds,2022-10-16 04:31:45
511,Sao Filipe,CV,14.8961,-24.4956,76.48,73,44,6.67,scattered clouds,2022-10-16 04:31:45
512,Cukai,MY,4.25,103.4167,88.0,72,74,5.37,light rain,2022-10-16 04:32:46
513,Kalmunai,LK,7.4167,81.8167,83.98,69,97,1.28,light rain,2022-10-16 04:32:46
514,Praia Da Vitoria,PT,38.7333,-27.0667,61.75,88,75,19.98,broken clouds,2022-10-16 04:32:47
515,Nanakuli,US,21.3906,-158.1547,80.55,59,0,8.05,clear sky,2022-10-16 04:32:47
516,Aktau,KZ,43.65,51.2,52.38,62,99,19.33,overcast clouds,2022-10-16 04:32:48
517,Shingu,JP,33.7333,135.9833,74.43,75,59,8.48,broken clouds,2022-10-16 04:32:49
518,Dusti,TJ,37.3481,68.664,75.6,9,0,2.91,clear sky,2022-10-16 04:32:49
519,Ornskoldsvik,SE,63.2909,18.7153,34.75,100,75,3.44,broken clouds,2022-10-16 04:32:51
520,Xining,CN,36.6167,101.7667,51.91,35,3,3.38,clear sky,2022-10-16 04:32:51
521,Minab,IR,27.1467,57.0801,86.32,51,2,0.0,haze,2022-10-16 04:32:52
522,Myrtle Beach,US,33.6891,-78.8867,64.44,73,0,5.75,clear sky,2022-10-16 04:30:05
523,Los Llanos De Aridane,ES,28.6585,-17.9182,65.95,79,0,8.01,clear sky,2022-10-16 04:32:52
524,Laibin,CN,23.7,109.2667,85.41,23,94,19.01,overcast clouds,2022-10-16 04:32:53
525,Murgab,TM,37.4966,61.9714,60.67,41,0,4.61,clear sky,2022-10-16 04:32:53
526,Linjiang,CN,41.8069,126.9078,49.87,62,100,2.95,overcast clouds,2022-10-16 04:32:54
527,Tracy,US,37.7397,-121.4252,63.97,80,0,1.01,clear sky,2022-10-16 04:32:55
528,Beloha,MG,-25.1667,45.05,75.96,63,57,7.29,broken clouds,2022-10-16 04:32:56
529,Bernal,PE,-5.45,-80.75,62.76,79,100,13.02,overcast clouds,2022-10-16 04:32:57
530,Garden City,US,42.3256,-83.331,48.22,74,20,5.75,few clouds,2022-10-16 04:32:58
531,Linfen,CN,36.0889,111.5189,75.25,13,55,12.88,broken clouds,2022-10-16 04:32:58
532,Great Malvern,GB,52.1116,-2.3252,52.43,89,22,1.99,few clouds,2022-10-16 04:33:00
533,Seoul,KR,37.5683,126.9778,69.4,71,75,12.66,moderate rain,2022-10-16 04:32:39
534,Luoyang,CN,34.6836,112.4536,81.95,16,83,7.63,broken clouds,2022-10-16 04:33:00
535,Belmonte,BR,-15.8631,-38.8828,71.85,87,33,9.28,scattered clouds,2022-10-16 04:33:01
536,Taua,BR,-5.9667,-40.3,75.45,53,1,10.74,clear sky,2022-10-16 04:33:01
537,Pinar Del Rio,CU,22.4175,-83.6981,74.46,92,0,3.8,clear sky,2022-10-16 04:33:02
538,Babynino,RU,54.39,35.73,28.15,86,1,6.91,clear sky,2022-10-16 04:33:02
539,Soyo,AO,-6.1349,12.3689,75.85,86,100,7.56,overcast clouds,2022-10-16 04:33:03
540,Belaya Gora,RU,68.5333,146.4167,14.47,71,96,7.02,overcast clouds,2022-10-16 04:33:03
541,Hami,CN,42.8,93.45,66.18,18,39,6.6,scattered clouds,2022-10-16 04:33:04
542,Minsk,BY,53.9,27.5667,46.15,76,54,11.95,broken clouds,2022-10-16 04:31:40
543,Walvis Bay,NA,-22.9575,14.5053,59.95,88,100,5.75,overcast clouds,2022-10-16 04:33:05
544,Lagoa,PT,39.05,-27.9833,62.96,65,93,22.3,light rain,2022-10-16 04:33:05
545,Magaria,NE,12.9983,8.9099,75.54,23,97,4.38,overcast clouds,2022-10-16 04:33:06
546,Port Arthur,CN,38.8,121.2667,60.91,79,100,28.16,overcast clouds,2022-10-16 04:33:07
547,Edd,ER,13.9297,41.6925,89.11,43,49,10.27,scattered clouds,2022-10-16 04:33:07
548,Pauini,BR,-7.7136,-66.9764,72.18,99,80,1.28,broken clouds,2022-10-16 04:33:08
549,Maumere,ID,-8.6199,122.2111,86.11,67,89,0.49,overcast clouds,2022-10-16 04:33:09
550,Faya,SA,18.3851,42.4509,59.11,25,73,6.64,broken clouds,2022-10-16 04:33:10
551,Rawson,AR,-43.3002,-65.1023,48.47,88,69,16.28,broken clouds,2022-10-16 04:33:10
552,Mandalgovi,MN,45.7625,106.2708,34.36,27,0,9.48,clear sky,2022-10-16 04:33:11
553,Sangar,RU,63.9242,127.4739,26.42,84,100,3.58,overcast clouds,2022-10-16 04:33:19
554,Cayenne,GF,4.9333,-52.3333,77.04,94,20,0.0,few clouds,2022-10-16 04:34:12
555,Baghdad,IQ,33.3406,44.4009,69.71,32,0,4.61,clear sky,2022-10-16 04:31:10
556,Saint-Jacques,CA,45.9501,-73.5659,52.5,50,46,5.75,scattered clouds,2022-10-16 04:34:13
557,Rock Sound,BS,24.9,-76.2,81.9,75,36,17.25,scattered clouds,2022-10-16 04:34:13
558,Panzhihua,CN,26.5851,101.7128,64.71,69,100,4.36,overcast clouds,2022-10-16 04:34:14
559,Mlonggo,ID,-6.5333,110.7,86.2,65,82,3.87,broken clouds,2022-10-16 04:34:15
560,Sabha,LY,27.0377,14.4283,66.65,63,54,8.34,broken clouds,2022-10-16 04:34:15
561,Ternate,ID,0.8,127.4,85.55,69,88,4.29,overcast clouds,2022-10-16 04:34:16
562,Massakory,TD,12.996,15.7293,79.27,21,71,8.55,broken clouds,2022-10-16 04:34:16
563,Altay,CN,47.8667,88.1167,59.41,18,53,6.46,broken clouds,2022-10-16 04:34:17
564,Nefteyugansk,RU,61.0998,72.6035,42.35,90,100,4.61,overcast clouds,2022-10-16 04:34:17
565,Marrakesh,MA,31.6315,-8.0083,71.67,53,40,6.91,scattered clouds,2022-10-16 04:34:18
566,Orange Cove,US,36.6244,-119.3137,73.6,57,0,8.05,clear sky,2022-10-16 04:34:19
567,Tonota,BW,-21.4833,27.4833,67.64,55,72,18.75,broken clouds,2022-10-16 04:34:19
568,Gorontalo,ID,0.5412,123.0595,87.66,67,73,5.44,broken clouds,2022-10-16 04:34:20
569,Kencong,ID,-8.2833,113.3667,84.43,71,98,10.49,overcast clouds,2022-10-16 04:34:20
570,Springbok,ZA,-29.6643,17.8865,63.84,58,66,4.52,broken clouds,2022-10-16 04:34:21
571,Nizwa,OM,22.9333,57.5333,85.53,16,29,1.63,scattered clouds,2022-10-16 04:34:21
572,Denpasar,ID,-8.65,115.2167,85.71,79,40,12.66,scattered clouds,2022-10-16 04:32:03
573,Namibe,AO,-15.1961,12.1522,68.02,88,83,2.28,broken clouds,2022-10-16 04:34:22
574,Charters Towers,AU,-20.1,146.2667,92.08,31,22,11.27,few clouds,2022-10-16 04:34:23
575,Taoudenni,ML,22.6783,-3.9836,84.42,12,42,10.0,scattered clouds,2022-10-16 04:34:23
576,Labuhan,ID,-6.8844,112.2051,87.37,62,100,4.83,light rain,2022-10-16 04:34:24
577,Knysna,ZA,-34.0363,23.0471,64.78,78,100,3.76,overcast clouds,2022-10-16 04:34:25
578,Miri,MY,4.4148,114.0089,86.14,70,40,9.22,scattered clouds,2022-10-16 04:34:25
579,Prince Rupert,CA,54.3161,-130.3201,55.49,98,0,4.61,clear sky,2022-10-16 04:34:26
580,Guerrero Negro,MX,27.9769,-114.0611,68.11,69,2,6.69,clear sky,2022-10-16 04:34:26
581,Khartoum,SD,15.5518,32.5324,83.01,60,54,16.98,broken clouds,2022-10-16 04:32:48
582,Ouesso,CG,1.6136,16.0517,66.76,98,100,2.06,overcast clouds,2022-10-16 04:34:27
583,Tondano,ID,1.3038,124.9112,86.09,70,93,2.42,overcast clouds,2022-10-16 04:34:27
584,Dohar,BD,23.5883,90.1469,85.98,46,2,11.88,clear sky,2022-10-16 04:34:28
585,Mutoko,ZW,-17.397,32.2268,67.35,58,82,8.75,broken clouds,2022-10-16 04:34:28
586,Hirara,JP,24.8,125.2833,84.06,89,75,17.27,broken clouds,2022-10-16 04:34:29
587,Akyab,MM,20.15,92.9,87.75,66,78,2.3,broken clouds,2022-10-16 04:34:30
588,Vanavara,RU,60.34,102.2797,34.95,61,69,6.78,broken clouds,2022-10-16 04:34:30
589,Yeppoon,AU,-23.1333,150.7333,82.18,69,31,12.19,scattered clouds,2022-10-16 04:34:31
590,Havoysund,NO,70.9963,24.6622,46.63,89,100,9.4,overcast clouds,2022-10-16 04:34:31
591,Havre,FR,49.5833,0.3333,56.97,88,100,9.22,overcast clouds,2022-10-16 04:34:32
592,Manggar,ID,-2.8833,108.2667,85.91,67,87,7.61,overcast clouds,2022-10-16 04:34:33
593,Tailai,CN,46.3833,123.4,50.18,26,14,17.78,few clouds,2022-10-16 04:34:33
594,Vila,PT,42.0304,-8.1588,54.48,92,94,5.44,overcast clouds,2022-10-16 04:34:34
595,Agirish,RU,61.9247,63.0231,38.8,95,100,5.12,overcast clouds,2022-10-16 04:34:34
596,Hluti,SZ,-27.2167,31.6167,64.13,73,99,4.68,overcast clouds,2022-10-16 04:34:35
597,Kayerkan,RU,69.3497,87.7602,30.52,100,100,13.98,overcast clouds,2022-10-16 04:34:35
598,Rio Gallegos,AR,-51.6226,-69.2181,39.25,52,0,10.36,clear sky,2022-10-16 04:34:36
599,Yermakovskoye,RU,53.2831,92.4003,45.59,35,10,4.56,clear sky,2022-10-16 04:34:36
600,Comodoro Rivadavia,AR,-45.8667,-67.5,48.06,81,0,3.44,clear sky,2022-10-16 04:34:37
601,Neuquen,AR,-38.9516,-68.0591,57.09,41,0,0.0,clear sky,2022-10-16 04:34:37
602,Shimoda,JP,34.6667,138.95,75.56,71,9,10.29,clear sky,2022-10-16 04:35:38
603,Margherita,IN,27.2833,95.6833,85.66,58,5,3.33,clear sky,2022-10-16 04:35:38
604,Vylkove,UA,45.4021,29.586,51.04,65,2,10.4,clear sky,2022-10-16 04:35:39
605,Ust-Nera,RU,64.5667,143.2,10.15,92,77,4.16,broken clouds,2022-10-16 04:35:40
606,Kavaratti,IN,10.5669,72.642,81.91,70,100,3.09,overcast clouds,2022-10-16 04:35:40
607,Celestun,MX,20.8667,-90.4,79.32,83,7,10.49,light rain,2022-10-16 04:35:41
608,Jacqueville,CI,5.2052,-4.4146,75.87,88,83,8.81,light rain,2022-10-16 04:35:41
609,Kasama,ZM,-10.2129,31.1808,68.11,35,25,5.73,scattered clouds,2022-10-16 04:35:42
610,Zhob,PK,31.3411,69.4481,72.03,12,0,1.3,clear sky,2022-10-16 04:35:42
611,Pahasu,IN,28.1833,78.05,82.69,49,0,1.54,clear sky,2022-10-16 04:35:43
612,Smithers,CA,54.7804,-127.1743,50.32,93,0,2.3,mist,2022-10-16 04:35:43
613,Karatuzskoye,RU,53.6072,92.8667,45.16,36,13,6.69,few clouds,2022-10-16 04:35:44
614,Kruisfontein,ZA,-34.0033,24.7314,61.88,90,100,10.78,overcast clouds,2022-10-16 04:35:44
615,Bafra,TR,41.5678,35.9069,62.82,75,100,1.21,overcast clouds,2022-10-16 04:35:45
616,Polis,CY,35.0367,32.4264,71.42,90,99,11.48,light rain,2022-10-16 04:35:45
617,Luzhou,CN,28.8724,105.4405,67.82,62,91,1.7,overcast clouds,2022-10-16 04:35:46
618,Sancti Spiritus,CU,21.9297,-79.4425,74.41,91,47,4.52,light rain,2022-10-16 04:35:47
619,Puerto Colombia,CO,10.9878,-74.9547,80.69,85,46,9.51,scattered clouds,2022-10-16 04:35:47
620,Roma,US,43.2128,-75.4557,45.66,89,0,3.44,clear sky,2022-10-16 04:35:47
621,Mitu,CO,1.1983,-70.1733,71.69,99,100,2.48,light rain,2022-10-16 04:35:48
622,Iwanai,JP,42.9744,140.5089,64.06,64,96,3.38,overcast clouds,2022-10-16 04:35:49
623,Ouagadougou,BF,12.3642,-1.5383,78.93,78,0,8.05,clear sky,2022-10-16 04:35:49
624,Morondava,MG,-20.2833,44.2833,77.7,68,6,4.9,clear sky,2022-10-16 04:35:50
625,Ilulissat,GL,69.2167,-51.1,33.82,34,87,27.63,overcast clouds,2022-10-16 04:35:50
626,Timizart,DZ,36.8,4.2667,69.84,51,23,5.44,few clouds,2022-10-16 04:35:51
627,Homer,US,59.6425,-151.5483,48.04,81,0,10.0,clear sky,2022-10-16 04:32:01
628,Riyadh,SA,24.6877,46.7219,71.74,15,2,4.99,clear sky,2022-10-16 04:34:29
629,Mafinga,TZ,-7.25,35.0667,70.65,50,77,4.54,broken clouds,2022-10-16 04:35:51
630,Turbana,CO,10.2717,-75.4422,81.41,85,63,3.09,light rain,2022-10-16 04:35:52
631,Swan River,CA,52.1058,-101.2676,35.49,55,40,10.36,scattered clouds,2022-10-16 04:35:53
632,Voznesenye,RU,61.0106,35.4781,48.51,81,100,8.66,overcast clouds,2022-10-16 04:35:53
633,Phetchaburi,TH,12.9667,99.5833,74.32,77,100,3.91,overcast clouds,2022-10-16 04:35:54
634,Villa Rica,US,33.7321,-84.9191,64.0,57,24,4.09,few clouds,2022-10-16 04:35:54
635,Surt,LY,31.2089,16.5887,72.77,61,16,7.49,few clouds,2022-10-16 04:35:55
636,Ribeira Do Pombal,BR,-10.8344,-38.5358,64.54,96,1,3.44,clear sky,2022-10-16 04:35:55
637,Shenjiamen,CN,29.9576,122.298,68.95,85,98,16.78,overcast clouds,2022-10-16 04:35:56
638,Maragogi,BR,-9.0122,-35.2225,73.8,84,10,8.84,clear sky,2022-10-16 04:35:56
639,Lima,PE,-12.0432,-77.0282,59.9,84,75,11.5,broken clouds,2022-10-16 04:35:47
640,Guarapari,BR,-20.6667,-40.4975,69.89,82,65,1.88,broken clouds,2022-10-16 04:35:57
641,Camden,US,39.7835,-74.9663,59.85,90,0,1.01,clear sky,2022-10-16 04:35:58
642,Port Hardy,CA,50.6996,-127.4199,50.18,100,0,0.0,clear sky,2022-10-16 04:35:58
643,Najran,SA,17.4924,44.1277,63.25,24,84,4.94,broken clouds,2022-10-16 04:35:59
644,Egvekinot,RU,66.3167,-179.1667,12.11,84,95,11.34,overcast clouds,2022-10-16 04:35:18
645,Huanan,CN,46.2167,130.5167,50.74,24,0,19.51,clear sky,2022-10-16 04:36:00
646,Kismayo,SO,-0.3582,42.5454,79.65,75,53,12.21,broken clouds,2022-10-16 04:36:01
647,Phalombe,MW,-15.8064,35.6507,76.06,36,58,3.98,broken clouds,2022-10-16 04:37:01
648,Morehead,US,37.2711,-87.1764,54.0,89,0,0.0,clear sky,2022-10-16 04:37:02
649,Whyalla,AU,-33.0333,137.5833,66.09,49,2,14.36,clear sky,2022-10-16 04:37:03
650,Beverungen,DE,51.6667,9.3667,58.8,92,100,5.82,overcast clouds,2022-10-16 04:37:04
651,Ushibuka,JP,32.1906,130.0228,75.31,72,93,5.41,light rain,2022-10-16 04:37:04
652,Solwezi,ZM,-12.1688,26.3894,66.54,32,15,6.69,few clouds,2022-10-16 04:37:05
653,Conde,BR,-7.2597,-34.9075,72.86,94,75,6.91,broken clouds,2022-10-16 04:37:05
654,Davidson,US,36.1501,-86.7833,63.05,76,0,5.75,clear sky,2022-10-16 04:32:45
655,Jojoima,SL,7.8792,-10.7878,69.98,99,100,0.81,overcast clouds,2022-10-16 04:37:06
656,Sete,FR,43.4018,3.6966,69.66,91,81,11.23,broken clouds,2022-10-16 04:37:07
657,Adre,TD,13.4667,22.2,74.41,30,32,11.01,scattered clouds,2022-10-16 04:37:07
658,Young,UY,-32.6833,-57.6333,53.46,94,96,7.4,overcast clouds,2022-10-16 04:37:08
659,Columbus,US,39.9612,-82.9988,46.99,70,75,0.0,broken clouds,2022-10-16 04:37:10
660,Watsa,CD,3.0372,29.5355,64.83,97,100,2.1,overcast clouds,2022-10-16 04:37:10
661,Ostrovnoy,RU,68.0531,39.5131,44.4,93,100,15.95,overcast clouds,2022-10-16 04:37:11
662,Tibati,CM,6.4667,12.6333,66.34,94,100,1.1,overcast clouds,2022-10-16 04:37:11
663,Khani,GE,41.9563,42.9566,49.57,85,100,1.63,overcast clouds,2022-10-16 04:37:12
664,Amarante Do Maranhao,BR,-5.5667,-46.7422,72.34,79,38,1.77,scattered clouds,2022-10-16 04:37:12
665,Mogadishu,SO,2.0371,45.3438,78.67,83,40,12.66,scattered clouds,2022-10-16 04:37:13
666,Santa Isabel,BR,-23.3156,-46.2214,63.7,93,98,3.4,overcast clouds,2022-10-16 04:37:13
667,Onega,RU,63.9061,38.1404,43.66,95,100,7.99,overcast clouds,2022-10-16 04:37:14
668,Harrisonburg,US,38.4496,-78.8689,54.01,82,40,2.77,scattered clouds,2022-10-16 04:34:12
669,Ambon,ID,-3.6954,128.1814,87.94,70,40,6.91,scattered clouds,2022-10-16 04:37:15
670,Paraiso,CR,9.8383,-83.8656,65.41,98,100,1.72,overcast clouds,2022-10-16 04:37:16
671,Whitehorse,CA,60.7161,-135.0538,41.77,93,20,23.02,few clouds,2022-10-16 04:37:16
672,Suksun,RU,57.1431,57.3949,41.54,82,97,10.4,overcast clouds,2022-10-16 04:37:17
673,Pailon,BO,-17.65,-62.75,76.1,69,100,4.45,overcast clouds,2022-10-16 04:37:17
674,Krynychky,UA,48.3755,34.467,38.95,66,70,7.58,broken clouds,2022-10-16 04:37:18
675,Kanchanaburi,TH,14.6333,99.1,74.3,78,100,5.39,overcast clouds,2022-10-16 04:37:18
676,Goias,BR,-15.5807,-49.6362,73.53,38,11,4.83,few clouds,2022-10-16 04:37:19
677,Jacareacanga,BR,-6.2222,-57.7528,73.49,98,95,1.28,overcast clouds,2022-10-16 04:37:20
678,Lukovetskiy,RU,64.2956,41.9211,39.52,98,79,5.28,broken clouds,2022-10-16 04:37:20
